country,year,expsch
"Albania",1990,11.6
"Albania",1991,11.8
"Albania",1992,10.7
"Albania",1993,10.2
"Albania",1994,10.1
"Albania",1995,10.2
"Albania",1996,10.3
"Albania",1997,10.6
"Albania",1998,10.7
"Albania",1999,10.7
"Albania",2000,10.6
"Albania",2001,10.7
"Albania",2002,10.7
"Albania",2003,10.9
"Albania",2004,10.8
"Albania",2005,11.4
"Albania",2006,11.6
"Albania",2007,12
"Albania",2008,12.2
"Albania",2009,12.5
"Albania",2010,13.3
"Albania",2011,14.2
"Albania",2012,14.2
"Albania",2013,14.2
"Albania",2014,14.2
"Albania",2015,14.2
"Algeria",1990,9.6
"Algeria",1991,9.7
"Algeria",1992,9.8
"Algeria",1993,9.8
"Algeria",1994,9.9
"Algeria",1995,9.8
"Algeria",1996,10
"Algeria",1997,10.3
"Algeria",1998,10.5
"Algeria",1999,10.7
"Algeria",2000,10.9
"Algeria",2001,11.1
"Algeria",2002,11.5
"Algeria",2003,11.7
"Algeria",2004,12
"Algeria",2005,12.3
"Algeria",2006,12.3
"Algeria",2007,12.6
"Algeria",2008,13.1
"Algeria",2009,13.6
"Algeria",2010,14
"Algeria",2011,14.4
"Algeria",2012,14.4
"Algeria",2013,14.4
"Algeria",2014,14.4
"Algeria",2015,14.4
"Andorra",1990,10.8
"Andorra",1991,10.8
"Andorra",1992,10.8
"Andorra",1993,10.8
"Andorra",1994,10.8
"Andorra",1995,10.8
"Andorra",1996,10.8
"Andorra",1997,10.8
"Andorra",1998,10.8
"Andorra",1999,10.8
"Andorra",2000,10.8
"Andorra",2001,10.8
"Andorra",2002,11
"Andorra",2003,10.9
"Andorra",2004,10.8
"Andorra",2005,10.8
"Andorra",2006,11.2
"Andorra",2007,11.2
"Andorra",2008,11.7
"Andorra",2009,11.7
"Andorra",2010,11.7
"Andorra",2011,11.7
"Andorra",2012,13.5
"Andorra",2013,13.5
"Andorra",2014,13.5
"Andorra",2015,13.5
"Argentina",1990,13.2
"Argentina",1991,13.2
"Argentina",1992,13.2
"Argentina",1993,13.1
"Argentina",1994,13.1
"Argentina",1995,13.3
"Argentina",1996,13.5
"Argentina",1997,13.8
"Argentina",1998,14
"Argentina",1999,15
"Argentina",2000,15.6
"Argentina",2001,16.3
"Argentina",2002,16.4
"Argentina",2003,16.3
"Argentina",2004,16.3
"Argentina",2005,16.1
"Argentina",2006,16.3
"Argentina",2007,16.3
"Argentina",2008,16.5
"Argentina",2009,16.8
"Argentina",2010,17.1
"Argentina",2011,17.2
"Argentina",2012,17.3
"Argentina",2013,17.3
"Argentina",2014,17.3
"Argentina",2015,17.3
"Armenia",1990,10.7
"Armenia",1991,10.7
"Armenia",1992,10.6
"Armenia",1993,10.8
"Armenia",1994,10.4
"Armenia",1995,10.2
"Armenia",1996,10
"Armenia",1997,10.4
"Armenia",1998,11.1
"Armenia",1999,11.2
"Armenia",2000,11.1
"Armenia",2001,10.8
"Armenia",2002,10.8
"Armenia",2003,10.9
"Armenia",2004,10.9
"Armenia",2005,11.2
"Armenia",2006,11.7
"Armenia",2007,12.3
"Armenia",2008,11.9
"Armenia",2009,12.3
"Armenia",2010,12.7
"Armenia",2011,12.7
"Armenia",2012,12.7
"Armenia",2013,12.7
"Armenia",2014,12.7
"Armenia",2015,12.7
"Australia",1990,17.4
"Australia",1991,17.3
"Australia",1992,17.3
"Australia",1993,17.3
"Australia",1994,17.3
"Australia",1995,18.8
"Australia",1996,19.4
"Australia",1997,20.2
"Australia",1998,20.1
"Australia",1999,20.4
"Australia",2000,20.5
"Australia",2001,20.1
"Australia",2002,20.6
"Australia",2003,20.7
"Australia",2004,20.3
"Australia",2005,20.3
"Australia",2006,19
"Australia",2007,19.1
"Australia",2008,19.1
"Australia",2009,19.5
"Australia",2010,19.8
"Australia",2011,20.1
"Australia",2012,20.3
"Australia",2013,20.4
"Australia",2014,20.4
"Australia",2015,20.4
"Azerbaijan",1990,10.7
"Azerbaijan",1991,10.6
"Azerbaijan",1992,10.6
"Azerbaijan",1993,10.4
"Azerbaijan",1994,10.1
"Azerbaijan",1995,10
"Azerbaijan",1996,9.8
"Azerbaijan",1997,9.7
"Azerbaijan",1998,9.9
"Azerbaijan",1999,10.1
"Azerbaijan",2000,10.4
"Azerbaijan",2001,10.6
"Azerbaijan",2002,10.8
"Azerbaijan",2003,11
"Azerbaijan",2004,11.2
"Azerbaijan",2005,10.7
"Azerbaijan",2006,11.6
"Azerbaijan",2007,11.6
"Azerbaijan",2008,11.6
"Azerbaijan",2009,11.7
"Azerbaijan",2010,11.7
"Azerbaijan",2011,11.8
"Azerbaijan",2012,11.9
"Azerbaijan",2013,12.2
"Azerbaijan",2014,12.7
"Azerbaijan",2015,12.7
"Bahrain",1990,13.4
"Bahrain",1991,13.6
"Bahrain",1992,13.3
"Bahrain",1993,13.5
"Bahrain",1994,13.6
"Bahrain",1995,13.7
"Bahrain",1996,13.6
"Bahrain",1997,13.5
"Bahrain",1998,13.3
"Bahrain",1999,13.2
"Bahrain",2000,13.3
"Bahrain",2001,13.5
"Bahrain",2002,13.7
"Bahrain",2003,13.9
"Bahrain",2004,14
"Bahrain",2005,14.2
"Bahrain",2006,14.4
"Bahrain",2007,14.4
"Bahrain",2008,14.4
"Bahrain",2009,14.4
"Bahrain",2010,14.4
"Bahrain",2011,14.5
"Bahrain",2012,14.5
"Bahrain",2013,14.5
"Bahrain",2014,14.5
"Bahrain",2015,14.5
"Bangladesh",1990,5.7
"Bangladesh",1991,5.8
"Bangladesh",1992,6
"Bangladesh",1993,6.2
"Bangladesh",1994,6.4
"Bangladesh",1995,6.6
"Bangladesh",1996,6.8
"Bangladesh",1997,7
"Bangladesh",1998,7.1
"Bangladesh",1999,7.3
"Bangladesh",2000,7.5
"Bangladesh",2001,7.7
"Bangladesh",2002,7.9
"Bangladesh",2003,8.1
"Bangladesh",2004,8.2
"Bangladesh",2005,8.4
"Bangladesh",2006,8.6
"Bangladesh",2007,8.6
"Bangladesh",2008,8.4
"Bangladesh",2009,8.9
"Bangladesh",2010,9.4
"Bangladesh",2011,9.9
"Bangladesh",2012,10
"Bangladesh",2013,10
"Bangladesh",2014,10.2
"Bangladesh",2015,10.2
"Belarus",1990,12.9
"Belarus",1991,12.7
"Belarus",1992,12.5
"Belarus",1993,12.4
"Belarus",1994,12.4
"Belarus",1995,12.4
"Belarus",1996,12.8
"Belarus",1997,12.9
"Belarus",1998,12.8
"Belarus",1999,13.1
"Belarus",2000,13.3
"Belarus",2001,13.6
"Belarus",2002,13.9
"Belarus",2003,14.1
"Belarus",2004,14.4
"Belarus",2005,14.6
"Belarus",2006,14.9
"Belarus",2007,15.1
"Belarus",2008,15.4
"Belarus",2009,15.5
"Belarus",2010,15.5
"Belarus",2011,15.6
"Belarus",2012,15.7
"Belarus",2013,15.7
"Belarus",2014,15.6
"Belarus",2015,15.7
"Bosnia",1990,
"Bosnia",1991,
"Bosnia",1992,
"Bosnia",1993,
"Bosnia",1994,
"Bosnia",1995,
"Bosnia",1996,
"Bosnia",1997,
"Bosnia",1998,
"Bosnia",1999,
"Bosnia",2000,11.6
"Bosnia",2001,11.9
"Bosnia",2002,12.1
"Bosnia",2003,12.3
"Bosnia",2004,12.5
"Bosnia",2005,12.7
"Bosnia",2006,12.9
"Bosnia",2007,13.1
"Bosnia",2008,13.3
"Bosnia",2009,13.3
"Bosnia",2010,13.4
"Bosnia",2011,13.9
"Bosnia",2012,14.2
"Bosnia",2013,14.2
"Bosnia",2014,14.2
"Bosnia",2015,14.2
"Brazil",1990,12.2
"Brazil",1991,12.4
"Brazil",1992,12.6
"Brazil",1993,12.8
"Brazil",1994,13
"Brazil",1995,13.3
"Brazil",1996,13.5
"Brazil",1997,13.7
"Brazil",1998,13.9
"Brazil",1999,14.1
"Brazil",2000,14.3
"Brazil",2001,14.6
"Brazil",2002,14.8
"Brazil",2003,14
"Brazil",2004,13.8
"Brazil",2005,13.8
"Brazil",2006,13.5
"Brazil",2007,13.3
"Brazil",2008,13.8
"Brazil",2009,13.8
"Brazil",2010,14
"Brazil",2011,14.2
"Brazil",2012,14.2
"Brazil",2013,15.2
"Brazil",2014,15.2
"Brazil",2015,15.2
"Bulgaria",1990,12.1
"Bulgaria",1991,12.2
"Bulgaria",1992,12
"Bulgaria",1993,11.9
"Bulgaria",1994,11.8
"Bulgaria",1995,12.1
"Bulgaria",1996,12.6
"Bulgaria",1997,12.7
"Bulgaria",1998,12.8
"Bulgaria",1999,12.9
"Bulgaria",2000,12.9
"Bulgaria",2001,12.9
"Bulgaria",2002,12.9
"Bulgaria",2003,13.3
"Bulgaria",2004,13.5
"Bulgaria",2005,13.5
"Bulgaria",2006,13.5
"Bulgaria",2007,13.8
"Bulgaria",2008,13.8
"Bulgaria",2009,13.9
"Bulgaria",2010,14.2
"Bulgaria",2011,14.3
"Bulgaria",2012,14.4
"Bulgaria",2013,14.8
"Bulgaria",2014,15
"Bulgaria",2015,15
"Burkina Faso",1990,2.5
"Burkina Faso",1991,2.6
"Burkina Faso",1992,2.7
"Burkina Faso",1993,2.8
"Burkina Faso",1994,2.9
"Burkina Faso",1995,3
"Burkina Faso",1996,3.1
"Burkina Faso",1997,3.2
"Burkina Faso",1998,3.3
"Burkina Faso",1999,3.4
"Burkina Faso",2000,3.5
"Burkina Faso",2001,3.6
"Burkina Faso",2002,3.8
"Burkina Faso",2003,3.9
"Burkina Faso",2004,4.3
"Burkina Faso",2005,4.7
"Burkina Faso",2006,4.9
"Burkina Faso",2007,5.4
"Burkina Faso",2008,5.9
"Burkina Faso",2009,6.3
"Burkina Faso",2010,6.7
"Burkina Faso",2011,7.2
"Burkina Faso",2012,7.5
"Burkina Faso",2013,7.7
"Burkina Faso",2014,7.7
"Burkina Faso",2015,7.7
"Canada",1990,16.7
"Canada",1991,17
"Canada",1992,17.2
"Canada",1993,16.8
"Canada",1994,16.9
"Canada",1995,16.9
"Canada",1996,16.9
"Canada",1997,16.5
"Canada",1998,16
"Canada",1999,15.9
"Canada",2000,15.8
"Canada",2001,15.8
"Canada",2002,15.8
"Canada",2003,15.8
"Canada",2004,15.8
"Canada",2005,15.8
"Canada",2006,15.8
"Canada",2007,15.8
"Canada",2008,15.9
"Canada",2009,15.9
"Canada",2010,15.9
"Canada",2011,15.9
"Canada",2012,15.9
"Canada",2013,15.9
"Canada",2014,16.3
"Canada",2015,16.3
"Chile",1990,12.9
"Chile",1991,13.2
"Chile",1992,13.2
"Chile",1993,12.1
"Chile",1994,12.3
"Chile",1995,12.5
"Chile",1996,12.6
"Chile",1997,12.8
"Chile",1998,12.9
"Chile",1999,13.5
"Chile",2000,13.7
"Chile",2001,13.9
"Chile",2002,14
"Chile",2003,14.3
"Chile",2004,14.6
"Chile",2005,14.9
"Chile",2006,14.8
"Chile",2007,15.2
"Chile",2008,15.3
"Chile",2009,15.2
"Chile",2010,15.4
"Chile",2011,15.5
"Chile",2012,15.6
"Chile",2013,16.2
"Chile",2014,16.3
"Chile",2015,16.3
"China",1990,8.8
"China",1991,8.8
"China",1992,8.9
"China",1993,8.9
"China",1994,8.9
"China",1995,9.1
"China",1996,9.2
"China",1997,9.2
"China",1998,9.3
"China",1999,9.5
"China",2000,9.6
"China",2001,9.7
"China",2002,9.9
"China",2003,10.2
"China",2004,10.6
"China",2005,11
"China",2006,11.4
"China",2007,11.9
"China",2008,12.2
"China",2009,12.5
"China",2010,12.8
"China",2011,12.4
"China",2012,12.7
"China",2013,13.1
"China",2014,13.5
"China",2015,13.5
"Colombia",1990,9.1
"Colombia",1991,9.1
"Colombia",1992,9.6
"Colombia",1993,9.8
"Colombia",1994,9.9
"Colombia",1995,10
"Colombia",1996,10.5
"Colombia",1997,10.9
"Colombia",1998,11.3
"Colombia",1999,11.3
"Colombia",2000,11.4
"Colombia",2001,11.5
"Colombia",2002,11.6
"Colombia",2003,11.3
"Colombia",2004,11.1
"Colombia",2005,11.5
"Colombia",2006,11.9
"Colombia",2007,12.2
"Colombia",2008,12.4
"Colombia",2009,12.8
"Colombia",2010,13
"Colombia",2011,13.2
"Colombia",2012,13.3
"Colombia",2013,13.6
"Colombia",2014,13.6
"Colombia",2015,13.6
"Croatia",1990,10.7
"Croatia",1991,10.8
"Croatia",1992,10.8
"Croatia",1993,10.9
"Croatia",1994,11.4
"Croatia",1995,11.3
"Croatia",1996,11.4
"Croatia",1997,11.5
"Croatia",1998,11.9
"Croatia",1999,12.2
"Croatia",2000,12.3
"Croatia",2001,12.6
"Croatia",2002,12.9
"Croatia",2003,13.3
"Croatia",2004,13.6
"Croatia",2005,13.9
"Croatia",2006,14.3
"Croatia",2007,14.3
"Croatia",2008,14.2
"Croatia",2009,14.2
"Croatia",2010,14.5
"Croatia",2011,14.6
"Croatia",2012,14.9
"Croatia",2013,15.1
"Croatia",2014,15.3
"Croatia",2015,15.3
"Cyprus",1990,9.2
"Cyprus",1991,9.3
"Cyprus",1992,9.3
"Cyprus",1993,12.4
"Cyprus",1994,12.4
"Cyprus",1995,12.5
"Cyprus",1996,12.6
"Cyprus",1997,12.6
"Cyprus",1998,12.6
"Cyprus",1999,12.5
"Cyprus",2000,12.4
"Cyprus",2001,12.5
"Cyprus",2002,13
"Cyprus",2003,13.4
"Cyprus",2004,13.5
"Cyprus",2005,13.4
"Cyprus",2006,13.5
"Cyprus",2007,13.7
"Cyprus",2008,14.1
"Cyprus",2009,14.6
"Cyprus",2010,13.8
"Cyprus",2011,13.8
"Cyprus",2012,13.8
"Cyprus",2013,14
"Cyprus",2014,14.3
"Cyprus",2015,14.3
"Czech Rep.",1990,11.9
"Czech Rep.",1991,11.8
"Czech Rep.",1992,11.7
"Czech Rep.",1993,11.9
"Czech Rep.",1994,12.2
"Czech Rep.",1995,12.4
"Czech Rep.",1996,13.1
"Czech Rep.",1997,13.3
"Czech Rep.",1998,12.9
"Czech Rep.",1999,13.4
"Czech Rep.",2000,13.9
"Czech Rep.",2001,14.3
"Czech Rep.",2002,14.6
"Czech Rep.",2003,14.9
"Czech Rep.",2004,14.6
"Czech Rep.",2005,14.9
"Czech Rep.",2006,15
"Czech Rep.",2007,15.3
"Czech Rep.",2008,15.5
"Czech Rep.",2009,15.9
"Czech Rep.",2010,16
"Czech Rep.",2011,16.1
"Czech Rep.",2012,16.1
"Czech Rep.",2013,16.7
"Czech Rep.",2014,16.8
"Czech Rep.",2015,16.8
"Dominican Rep.",1990,11.5
"Dominican Rep.",1991,11.6
"Dominican Rep.",1992,11.7
"Dominican Rep.",1993,11.7
"Dominican Rep.",1994,11.8
"Dominican Rep.",1995,11.9
"Dominican Rep.",1996,12
"Dominican Rep.",1997,12
"Dominican Rep.",1998,12.1
"Dominican Rep.",1999,12.2
"Dominican Rep.",2000,12.3
"Dominican Rep.",2001,12.3
"Dominican Rep.",2002,12.4
"Dominican Rep.",2003,12.5
"Dominican Rep.",2004,12.6
"Dominican Rep.",2005,12.6
"Dominican Rep.",2006,12.7
"Dominican Rep.",2007,12.8
"Dominican Rep.",2008,12.9
"Dominican Rep.",2009,12.9
"Dominican Rep.",2010,13
"Dominican Rep.",2011,13.1
"Dominican Rep.",2012,13.2
"Dominican Rep.",2013,13.2
"Dominican Rep.",2014,13.2
"Dominican Rep.",2015,13.2
"Ecuador",1990,11.9
"Ecuador",1991,11.7
"Ecuador",1992,11.8
"Ecuador",1993,11.9
"Ecuador",1994,12
"Ecuador",1995,12
"Ecuador",1996,12.1
"Ecuador",1997,12.2
"Ecuador",1998,12.3
"Ecuador",1999,12.4
"Ecuador",2000,12.4
"Ecuador",2001,12.5
"Ecuador",2002,12.6
"Ecuador",2003,12.7
"Ecuador",2004,12.8
"Ecuador",2005,12.8
"Ecuador",2006,12.9
"Ecuador",2007,13
"Ecuador",2008,13.1
"Ecuador",2009,13.1
"Ecuador",2010,13.2
"Ecuador",2011,13.3
"Ecuador",2012,13.4
"Ecuador",2013,14
"Ecuador",2014,14
"Ecuador",2015,14
"Egypt",1990,9.8
"Egypt",1991,9.8
"Egypt",1992,9.9
"Egypt",1993,10.1
"Egypt",1994,10.3
"Egypt",1995,10.4
"Egypt",1996,10.6
"Egypt",1997,10.7
"Egypt",1998,10.4
"Egypt",1999,11
"Egypt",2000,11.1
"Egypt",2001,11.2
"Egypt",2002,11.3
"Egypt",2003,11.2
"Egypt",2004,11.4
"Egypt",2005,11.5
"Egypt",2006,11.7
"Egypt",2007,11.9
"Egypt",2008,12
"Egypt",2009,12.2
"Egypt",2010,12.4
"Egypt",2011,12.4
"Egypt",2012,12.8
"Egypt",2013,13.1
"Egypt",2014,13.1
"Egypt",2015,13.1
"El Salvador",1990,9.3
"El Salvador",1991,9.3
"El Salvador",1992,9.6
"El Salvador",1993,9.9
"El Salvador",1994,10.2
"El Salvador",1995,10.5
"El Salvador",1996,10.8
"El Salvador",1997,11.1
"El Salvador",1998,11.5
"El Salvador",1999,11.3
"El Salvador",2000,11.6
"El Salvador",2001,11.8
"El Salvador",2002,12
"El Salvador",2003,12.4
"El Salvador",2004,12.7
"El Salvador",2005,12.9
"El Salvador",2006,12.9
"El Salvador",2007,13.4
"El Salvador",2008,12.8
"El Salvador",2009,12.9
"El Salvador",2010,13
"El Salvador",2011,13.2
"El Salvador",2012,13.2
"El Salvador",2013,13.2
"El Salvador",2014,13.2
"El Salvador",2015,13.2
"Estonia",1990,13.1
"Estonia",1991,12.9
"Estonia",1992,12.8
"Estonia",1993,12.4
"Estonia",1994,12.5
"Estonia",1995,12.9
"Estonia",1996,13.2
"Estonia",1997,13.7
"Estonia",1998,14.2
"Estonia",1999,14.4
"Estonia",2000,15
"Estonia",2001,15.4
"Estonia",2002,15.6
"Estonia",2003,15.7
"Estonia",2004,15.9
"Estonia",2005,16.1
"Estonia",2006,16.1
"Estonia",2007,16.1
"Estonia",2008,16.1
"Estonia",2009,16.2
"Estonia",2010,16.4
"Estonia",2011,16.5
"Estonia",2012,16.5
"Estonia",2013,16.5
"Estonia",2014,16.5
"Estonia",2015,16.5
"Ethiopia",1990,3.1
"Ethiopia",1991,2.8
"Ethiopia",1992,2.6
"Ethiopia",1993,2.4
"Ethiopia",1994,2.3
"Ethiopia",1995,2.5
"Ethiopia",1996,2.9
"Ethiopia",1997,3.2
"Ethiopia",1998,3.6
"Ethiopia",1999,3.9
"Ethiopia",2000,4.3
"Ethiopia",2001,4.9
"Ethiopia",2002,5.2
"Ethiopia",2003,5.4
"Ethiopia",2004,5.8
"Ethiopia",2005,6.6
"Ethiopia",2006,7.1
"Ethiopia",2007,7.6
"Ethiopia",2008,8.1
"Ethiopia",2009,8.1
"Ethiopia",2010,8.2
"Ethiopia",2011,8.4
"Ethiopia",2012,8.4
"Ethiopia",2013,8.4
"Ethiopia",2014,8.4
"Ethiopia",2015,8.4
"Finland",1990,15
"Finland",1991,15.2
"Finland",1992,15.8
"Finland",1993,15.9
"Finland",1994,16.2
"Finland",1995,16.3
"Finland",1996,16.5
"Finland",1997,16.8
"Finland",1998,17.1
"Finland",1999,17.3
"Finland",2000,17.7
"Finland",2001,18
"Finland",2002,18.1
"Finland",2003,18.3
"Finland",2004,17.1
"Finland",2005,17.2
"Finland",2006,17.2
"Finland",2007,17.1
"Finland",2008,17
"Finland",2009,16.8
"Finland",2010,16.9
"Finland",2011,17
"Finland",2012,17
"Finland",2013,17
"Finland",2014,17
"Finland",2015,17
"France",1990,14.2
"France",1991,14.4
"France",1992,14.8
"France",1993,14.8
"France",1994,15.6
"France",1995,15.7
"France",1996,15.8
"France",1997,15.7
"France",1998,15.7
"France",1999,15.7
"France",2000,15.6
"France",2001,15.5
"France",2002,15.4
"France",2003,15.5
"France",2004,15.5
"France",2005,16.1
"France",2006,16.1
"France",2007,16.1
"France",2008,16
"France",2009,16
"France",2010,16.1
"France",2011,16.1
"France",2012,16.2
"France",2013,16.2
"France",2014,16.3
"France",2015,16.3
"Georgia",1990,12.4
"Georgia",1991,12.4
"Georgia",1992,12
"Georgia",1993,11.6
"Georgia",1994,11.3
"Georgia",1995,10.9
"Georgia",1996,10.9
"Georgia",1997,11.2
"Georgia",1998,11.3
"Georgia",1999,11.4
"Georgia",2000,11.7
"Georgia",2001,11.8
"Georgia",2002,11.8
"Georgia",2003,12
"Georgia",2004,12.2
"Georgia",2005,12.6
"Georgia",2006,12.5
"Georgia",2007,13.1
"Georgia",2008,12.8
"Georgia",2009,13.3
"Georgia",2010,13.3
"Georgia",2011,13.4
"Georgia",2012,13.5
"Georgia",2013,13.5
"Georgia",2014,13.9
"Georgia",2015,13.9
"Germany",1990,14.4
"Germany",1991,14.7
"Germany",1992,14.8
"Germany",1993,15.3
"Germany",1994,15.5
"Germany",1995,15.7
"Germany",1996,15.9
"Germany",1997,16
"Germany",1998,16.1
"Germany",1999,16.2
"Germany",2000,16.2
"Germany",2001,16.3
"Germany",2002,16.3
"Germany",2003,16.4
"Germany",2004,16.4
"Germany",2005,16.5
"Germany",2006,16.6
"Germany",2007,16.6
"Germany",2008,16.7
"Germany",2009,16.7
"Germany",2010,16.8
"Germany",2011,16.9
"Germany",2012,16.9
"Germany",2013,17
"Germany",2014,17.1
"Germany",2015,17.1
"Ghana",1990,7.6
"Ghana",1991,7.6
"Ghana",1992,7.6
"Ghana",1993,7.7
"Ghana",1994,7.7
"Ghana",1995,7.7
"Ghana",1996,7.7
"Ghana",1997,7.7
"Ghana",1998,7.7
"Ghana",1999,7.7
"Ghana",2000,8
"Ghana",2001,7.6
"Ghana",2002,7.9
"Ghana",2003,7.7
"Ghana",2004,8.1
"Ghana",2005,8.7
"Ghana",2006,9.1
"Ghana",2007,9.8
"Ghana",2008,10.4
"Ghana",2009,10.5
"Ghana",2010,10.9
"Ghana",2011,11.2
"Ghana",2012,11.5
"Ghana",2013,11.7
"Ghana",2014,11.4
"Ghana",2015,11.5
"Great Britain",1990,13.7
"Great Britain",1991,13.9
"Great Britain",1992,14.3
"Great Britain",1993,14.5
"Great Britain",1994,14.7
"Great Britain",1995,14.9
"Great Britain",1996,15.1
"Great Britain",1997,15.3
"Great Britain",1998,15.5
"Great Britain",1999,15.9
"Great Britain",2000,16.1
"Great Britain",2001,16.1
"Great Britain",2002,16.1
"Great Britain",2003,16.1
"Great Britain",2004,16.5
"Great Britain",2005,16.6
"Great Britain",2006,16.1
"Great Britain",2007,15.9
"Great Britain",2008,16
"Great Britain",2009,16.1
"Great Britain",2010,16.4
"Great Britain",2011,15.8
"Great Britain",2012,15.8
"Great Britain",2013,16.2
"Great Britain",2014,16.3
"Great Britain",2015,16.3
"Guatemala",1990,6.5
"Guatemala",1991,6.6
"Guatemala",1992,6.7
"Guatemala",1993,6.8
"Guatemala",1994,6.9
"Guatemala",1995,7
"Guatemala",1996,7.3
"Guatemala",1997,7.6
"Guatemala",1998,7.9
"Guatemala",1999,8.2
"Guatemala",2000,8.5
"Guatemala",2001,8.8
"Guatemala",2002,9
"Guatemala",2003,9.3
"Guatemala",2004,9.6
"Guatemala",2005,9.8
"Guatemala",2006,10.1
"Guatemala",2007,10.4
"Guatemala",2008,10.4
"Guatemala",2009,10.5
"Guatemala",2010,10.5
"Guatemala",2011,10.6
"Guatemala",2012,10.7
"Guatemala",2013,10.7
"Guatemala",2014,10.7
"Guatemala",2015,10.7
"Hong Kong",1990,12.8
"Hong Kong",1991,12.9
"Hong Kong",1992,13
"Hong Kong",1993,13.2
"Hong Kong",1994,13.3
"Hong Kong",1995,13.4
"Hong Kong",1996,13.6
"Hong Kong",1997,13.7
"Hong Kong",1998,13.9
"Hong Kong",1999,14
"Hong Kong",2000,14.1
"Hong Kong",2001,14.3
"Hong Kong",2002,14.4
"Hong Kong",2003,14.5
"Hong Kong",2004,14.7
"Hong Kong",2005,14.8
"Hong Kong",2006,14.9
"Hong Kong",2007,15.1
"Hong Kong",2008,15.2
"Hong Kong",2009,15.4
"Hong Kong",2010,15.3
"Hong Kong",2011,15.4
"Hong Kong",2012,15.2
"Hong Kong",2013,15.6
"Hong Kong",2014,15.7
"Hong Kong",2015,15.7
"Hungary",1990,11.1
"Hungary",1991,11.1
"Hungary",1992,11.2
"Hungary",1993,11.9
"Hungary",1994,12.6
"Hungary",1995,12.8
"Hungary",1996,13.2
"Hungary",1997,13.1
"Hungary",1998,13.4
"Hungary",1999,13.9
"Hungary",2000,14.2
"Hungary",2001,14.6
"Hungary",2002,14.9
"Hungary",2003,15.3
"Hungary",2004,15
"Hungary",2005,15.2
"Hungary",2006,15.3
"Hungary",2007,15.3
"Hungary",2008,15.3
"Hungary",2009,15.3
"Hungary",2010,15.4
"Hungary",2011,15.4
"Hungary",2012,15.4
"Hungary",2013,15.8
"Hungary",2014,15.6
"Hungary",2015,15.6
"India",1990,7.6
"India",1991,7.7
"India",1992,7.9
"India",1993,8
"India",1994,8.1
"India",1995,8.2
"India",1996,8.2
"India",1997,8.2
"India",1998,8.3
"India",1999,8.3
"India",2000,8.3
"India",2001,8.4
"India",2002,8.6
"India",2003,9.2
"India",2004,9.4
"India",2005,9.7
"India",2006,9.9
"India",2007,10.2
"India",2008,10.5
"India",2009,10.4
"India",2010,10.8
"India",2011,11.3
"India",2012,11.5
"India",2013,11.6
"India",2014,11.6
"India",2015,11.7
"Indonesia",1990,10.1
"Indonesia",1991,9.9
"Indonesia",1992,9.8
"Indonesia",1993,9.7
"Indonesia",1994,9.9
"Indonesia",1995,10.1
"Indonesia",1996,10.2
"Indonesia",1997,10.5
"Indonesia",1998,10.6
"Indonesia",1999,10.7
"Indonesia",2000,10.6
"Indonesia",2001,10.6
"Indonesia",2002,10.8
"Indonesia",2003,11
"Indonesia",2004,11.1
"Indonesia",2005,10.9
"Indonesia",2006,11
"Indonesia",2007,11.7
"Indonesia",2008,11.7
"Indonesia",2009,12.1
"Indonesia",2010,12.3
"Indonesia",2011,12.6
"Indonesia",2012,12.9
"Indonesia",2013,12.9
"Indonesia",2014,12.9
"Indonesia",2015,12.9
"Iran",1990,9.2
"Iran",1991,9.6
"Iran",1992,10
"Iran",1993,10.3
"Iran",1994,10.7
"Iran",1995,11.1
"Iran",1996,11.2
"Iran",1997,11.4
"Iran",1998,11.5
"Iran",1999,11.6
"Iran",2000,11.6
"Iran",2001,11.9
"Iran",2002,11.8
"Iran",2003,11.8
"Iran",2004,11.4
"Iran",2005,11.4
"Iran",2006,11.8
"Iran",2007,12.1
"Iran",2008,12.8
"Iran",2009,12.9
"Iran",2010,13.1
"Iran",2011,13.6
"Iran",2012,15
"Iran",2013,14.9
"Iran",2014,14.8
"Iran",2015,14.8
"Iraq",1990,9.6
"Iraq",1991,9.5
"Iraq",1992,9.4
"Iraq",1993,9.3
"Iraq",1994,9.2
"Iraq",1995,9.1
"Iraq",1996,8.9
"Iraq",1997,8.8
"Iraq",1998,8.7
"Iraq",1999,8.6
"Iraq",2000,8.7
"Iraq",2001,9.1
"Iraq",2002,9.4
"Iraq",2003,9.8
"Iraq",2004,10.1
"Iraq",2005,10.2
"Iraq",2006,10.2
"Iraq",2007,10.3
"Iraq",2008,10.3
"Iraq",2009,10.4
"Iraq",2010,10.4
"Iraq",2011,10.5
"Iraq",2012,10.3
"Iraq",2013,10.1
"Iraq",2014,10.1
"Iraq",2015,10.1
"Israel",1990,12.7
"Israel",1991,13.1
"Israel",1992,13.3
"Israel",1993,13.5
"Israel",1994,13.5
"Israel",1995,13.6
"Israel",1996,13.7
"Israel",1997,14.2
"Israel",1998,14.7
"Israel",1999,15.2
"Israel",2000,15.1
"Israel",2001,15.3
"Israel",2002,16
"Israel",2003,15.9
"Israel",2004,15.8
"Israel",2005,15.7
"Israel",2006,15.7
"Israel",2007,15.8
"Israel",2008,15.6
"Israel",2009,15.7
"Israel",2010,15.8
"Israel",2011,15.9
"Israel",2012,15.9
"Israel",2013,16
"Israel",2014,16
"Israel",2015,16
"Italy",1990,12.8
"Italy",1991,13
"Italy",1992,13.3
"Italy",1993,13.5
"Italy",1994,13.9
"Italy",1995,14.1
"Italy",1996,14.3
"Italy",1997,14.6
"Italy",1998,14.7
"Italy",1999,14.8
"Italy",2000,14.9
"Italy",2001,15.2
"Italy",2002,15.4
"Italy",2003,15.6
"Italy",2004,15.8
"Italy",2005,16
"Italy",2006,16.1
"Italy",2007,16.3
"Italy",2008,16.3
"Italy",2009,16.4
"Italy",2010,16.4
"Italy",2011,16.6
"Italy",2012,16.5
"Italy",2013,16.3
"Italy",2014,16.3
"Italy",2015,16.3
"Japan",1990,13.3
"Japan",1991,13.4
"Japan",1992,13.5
"Japan",1993,13.8
"Japan",1994,14.1
"Japan",1995,14.2
"Japan",1996,14.3
"Japan",1997,14.4
"Japan",1998,14.4
"Japan",1999,14.5
"Japan",2000,14.6
"Japan",2001,14.7
"Japan",2002,14.8
"Japan",2003,14.8
"Japan",2004,14.9
"Japan",2005,14.9
"Japan",2006,15
"Japan",2007,15
"Japan",2008,15
"Japan",2009,15.1
"Japan",2010,15.1
"Japan",2011,15.3
"Japan",2012,15.3
"Japan",2013,15.3
"Japan",2014,15.3
"Japan",2015,15.3
"Jordan",1990,11.7
"Jordan",1991,11.9
"Jordan",1992,12.1
"Jordan",1993,12
"Jordan",1994,11.9
"Jordan",1995,12.1
"Jordan",1996,12.2
"Jordan",1997,12.3
"Jordan",1998,12.4
"Jordan",1999,12.6
"Jordan",2000,12.7
"Jordan",2001,13
"Jordan",2002,13.2
"Jordan",2003,13.5
"Jordan",2004,13.8
"Jordan",2005,13.7
"Jordan",2006,13.6
"Jordan",2007,13.6
"Jordan",2008,13.6
"Jordan",2009,13.2
"Jordan",2010,13.1
"Jordan",2011,12.9
"Jordan",2012,13.1
"Jordan",2013,13.1
"Jordan",2014,13.1
"Jordan",2015,13.1
"Kazakhstan",1990,12.4
"Kazakhstan",1991,12.3
"Kazakhstan",1992,12.3
"Kazakhstan",1993,12.1
"Kazakhstan",1994,12
"Kazakhstan",1995,12
"Kazakhstan",1996,12
"Kazakhstan",1997,12.1
"Kazakhstan",1998,12.1
"Kazakhstan",1999,12.1
"Kazakhstan",2000,12.3
"Kazakhstan",2001,12.7
"Kazakhstan",2002,13.1
"Kazakhstan",2003,13.5
"Kazakhstan",2004,13.9
"Kazakhstan",2005,14.3
"Kazakhstan",2006,14.7
"Kazakhstan",2007,14.6
"Kazakhstan",2008,14.6
"Kazakhstan",2009,14.5
"Kazakhstan",2010,14.4
"Kazakhstan",2011,14.7
"Kazakhstan",2012,15
"Kazakhstan",2013,15
"Kazakhstan",2014,15
"Kazakhstan",2015,15
"Kuwait",1990,10.6
"Kuwait",1991,8.8
"Kuwait",1992,7.1
"Kuwait",1993,8.2
"Kuwait",1994,9.8
"Kuwait",1995,11.6
"Kuwait",1996,13.3
"Kuwait",1997,13.4
"Kuwait",1998,13.8
"Kuwait",1999,14.1
"Kuwait",2000,14
"Kuwait",2001,13.9
"Kuwait",2002,14.1
"Kuwait",2003,14.4
"Kuwait",2004,14.2
"Kuwait",2005,14.1
"Kuwait",2006,13.9
"Kuwait",2007,13.8
"Kuwait",2008,13.6
"Kuwait",2009,13.5
"Kuwait",2010,13.4
"Kuwait",2011,13.2
"Kuwait",2012,13.1
"Kuwait",2013,13
"Kuwait",2014,13.3
"Kuwait",2015,13.3
"Kyrgyzstan",1990,11.8
"Kyrgyzstan",1991,11.6
"Kyrgyzstan",1992,11.4
"Kyrgyzstan",1993,11.1
"Kyrgyzstan",1994,10.7
"Kyrgyzstan",1995,10.5
"Kyrgyzstan",1996,10.4
"Kyrgyzstan",1997,10.7
"Kyrgyzstan",1998,11.1
"Kyrgyzstan",1999,11.4
"Kyrgyzstan",2000,11.8
"Kyrgyzstan",2001,12.1
"Kyrgyzstan",2002,12.2
"Kyrgyzstan",2003,12.5
"Kyrgyzstan",2004,12.4
"Kyrgyzstan",2005,12.5
"Kyrgyzstan",2006,12.6
"Kyrgyzstan",2007,12.6
"Kyrgyzstan",2008,12.4
"Kyrgyzstan",2009,12.2
"Kyrgyzstan",2010,12.1
"Kyrgyzstan",2011,12.3
"Kyrgyzstan",2012,12.5
"Kyrgyzstan",2013,12.8
"Kyrgyzstan",2014,13
"Kyrgyzstan",2015,13
"Latvia",1990,12.6
"Latvia",1991,12.6
"Latvia",1992,12.4
"Latvia",1993,12
"Latvia",1994,11.7
"Latvia",1995,11.8
"Latvia",1996,12
"Latvia",1997,12.4
"Latvia",1998,13
"Latvia",1999,13.7
"Latvia",2000,14.2
"Latvia",2001,14.8
"Latvia",2002,15.2
"Latvia",2003,15.5
"Latvia",2004,15.9
"Latvia",2005,16.2
"Latvia",2006,16.2
"Latvia",2007,16.3
"Latvia",2008,16.4
"Latvia",2009,16
"Latvia",2010,15.8
"Latvia",2011,15.5
"Latvia",2012,15.4
"Latvia",2013,16
"Latvia",2014,16
"Latvia",2015,16
"Lebanon",1990,11.7
"Lebanon",1991,11.9
"Lebanon",1992,12
"Lebanon",1993,12.2
"Lebanon",1994,12.4
"Lebanon",1995,12.5
"Lebanon",1996,12.7
"Lebanon",1997,13.4
"Lebanon",1998,14.2
"Lebanon",1999,14.9
"Lebanon",2000,15
"Lebanon",2001,15.2
"Lebanon",2002,14.8
"Lebanon",2003,14.2
"Lebanon",2004,13.7
"Lebanon",2005,13.2
"Lebanon",2006,12.9
"Lebanon",2007,13.1
"Lebanon",2008,13.2
"Lebanon",2009,13.3
"Lebanon",2010,13.2
"Lebanon",2011,13.3
"Lebanon",2012,13.3
"Lebanon",2013,13.3
"Lebanon",2014,13.3
"Lebanon",2015,13.3
"Libya",1990,14
"Libya",1991,14.2
"Libya",1992,14.3
"Libya",1993,14.5
"Libya",1994,14.7
"Libya",1995,14.8
"Libya",1996,15
"Libya",1997,15.2
"Libya",1998,15.3
"Libya",1999,15.5
"Libya",2000,15.7
"Libya",2001,15.8
"Libya",2002,16
"Libya",2003,15.9
"Libya",2004,15.7
"Libya",2005,15.4
"Libya",2006,15.1
"Libya",2007,14.8
"Libya",2008,14.6
"Libya",2009,14.3
"Libya",2010,14
"Libya",2011,13.7
"Libya",2012,13.4
"Libya",2013,13.4
"Libya",2014,13.4
"Libya",2015,13.4
"Lithuania",1990,12.8
"Lithuania",1991,12.6
"Lithuania",1992,12.2
"Lithuania",1993,11.8
"Lithuania",1994,11.8
"Lithuania",1995,12
"Lithuania",1996,12.4
"Lithuania",1997,12.9
"Lithuania",1998,13.4
"Lithuania",1999,14
"Lithuania",2000,14.7
"Lithuania",2001,15.3
"Lithuania",2002,15.8
"Lithuania",2003,16.3
"Lithuania",2004,16.2
"Lithuania",2005,16.4
"Lithuania",2006,16.4
"Lithuania",2007,16.5
"Lithuania",2008,16.6
"Lithuania",2009,16.8
"Lithuania",2010,16.7
"Lithuania",2011,16.5
"Lithuania",2012,16.4
"Lithuania",2013,16.5
"Lithuania",2014,16.5
"Lithuania",2015,16.5
"Macedonia",1990,
"Macedonia",1991,
"Macedonia",1992,
"Macedonia",1993,
"Macedonia",1994,
"Macedonia",1995,
"Macedonia",1996,
"Macedonia",1997,
"Macedonia",1998,
"Macedonia",1999,
"Macedonia",2000,
"Macedonia",2001,
"Macedonia",2002,
"Macedonia",2003,
"Macedonia",2004,
"Macedonia",2005,
"Macedonia",2006,
"Macedonia",2007,
"Macedonia",2008,
"Macedonia",2009,
"Macedonia",2010,
"Macedonia",2011,
"Macedonia",2012,
"Macedonia",2013,
"Macedonia",2014,
"Macedonia",2015,
"Malaysia",1990,9.7
"Malaysia",1991,9.9
"Malaysia",1992,10.1
"Malaysia",1993,10.1
"Malaysia",1994,10.1
"Malaysia",1995,10.2
"Malaysia",1996,10.7
"Malaysia",1997,11.1
"Malaysia",1998,11.5
"Malaysia",1999,11.6
"Malaysia",2000,11.9
"Malaysia",2001,12
"Malaysia",2002,12.1
"Malaysia",2003,12.7
"Malaysia",2004,12.9
"Malaysia",2005,12.7
"Malaysia",2006,12.3
"Malaysia",2007,12.5
"Malaysia",2008,12.6
"Malaysia",2009,12.8
"Malaysia",2010,13
"Malaysia",2011,12.9
"Malaysia",2012,12.9
"Malaysia",2013,13
"Malaysia",2014,13.1
"Malaysia",2015,13.1
"Mali",1990,2.1
"Mali",1991,2.2
"Mali",1992,2.3
"Mali",1993,2.5
"Mali",1994,2.8
"Mali",1995,3
"Mali",1996,3.3
"Mali",1997,3.7
"Mali",1998,4
"Mali",1999,4.4
"Mali",2000,4.6
"Mali",2001,4.9
"Mali",2002,5.2
"Mali",2003,5.5
"Mali",2004,5.8
"Mali",2005,6.1
"Mali",2006,6.4
"Mali",2007,5.8
"Mali",2008,7.1
"Mali",2009,7.3
"Mali",2010,7.5
"Mali",2011,7.7
"Mali",2012,8
"Mali",2013,8.2
"Mali",2014,8.4
"Mali",2015,8.4
"Mexico",1990,10.6
"Mexico",1991,10.5
"Mexico",1992,10.5
"Mexico",1993,10.4
"Mexico",1994,10.5
"Mexico",1995,10.7
"Mexico",1996,10.9
"Mexico",1997,11
"Mexico",1998,11.2
"Mexico",1999,11.4
"Mexico",2000,11.6
"Mexico",2001,11.6
"Mexico",2002,11.9
"Mexico",2003,12.1
"Mexico",2004,12.2
"Mexico",2005,12.2
"Mexico",2006,12.3
"Mexico",2007,12.3
"Mexico",2008,12.5
"Mexico",2009,12.5
"Mexico",2010,12.6
"Mexico",2011,12.7
"Mexico",2012,12.9
"Mexico",2013,13.1
"Mexico",2014,13.3
"Mexico",2015,13.3
"Moldova",1990,12
"Moldova",1991,11.8
"Moldova",1992,11.6
"Moldova",1993,11.4
"Moldova",1994,11.2
"Moldova",1995,11
"Moldova",1996,10.7
"Moldova",1997,10.7
"Moldova",1998,11.1
"Moldova",1999,11.4
"Moldova",2000,11.4
"Moldova",2001,11.3
"Moldova",2002,11.5
"Moldova",2003,11.7
"Moldova",2004,11.9
"Moldova",2005,11.9
"Moldova",2006,12.1
"Moldova",2007,12.1
"Moldova",2008,12
"Moldova",2009,11.8
"Moldova",2010,11.8
"Moldova",2011,11.8
"Moldova",2012,11.8
"Moldova",2013,11.8
"Moldova",2014,11.8
"Moldova",2015,11.8
"Montenegro",1990,
"Montenegro",1991,
"Montenegro",1992,
"Montenegro",1993,
"Montenegro",1994,
"Montenegro",1995,
"Montenegro",1996,
"Montenegro",1997,
"Montenegro",1998,
"Montenegro",1999,
"Montenegro",2000,
"Montenegro",2001,
"Montenegro",2002,
"Montenegro",2003,12.6
"Montenegro",2004,12.8
"Montenegro",2005,13.2
"Montenegro",2006,13.6
"Montenegro",2007,14.2
"Montenegro",2008,14.6
"Montenegro",2009,15
"Montenegro",2010,15.1
"Montenegro",2011,15.1
"Montenegro",2012,15.1
"Montenegro",2013,15.1
"Montenegro",2014,15.1
"Montenegro",2015,15.1
"Morocco",1990,6.5
"Morocco",1991,6.5
"Morocco",1992,6.6
"Morocco",1993,6.8
"Morocco",1994,7
"Morocco",1995,7.3
"Morocco",1996,7.4
"Morocco",1997,7.6
"Morocco",1998,7.6
"Morocco",1999,8
"Morocco",2000,8.5
"Morocco",2001,8.8
"Morocco",2002,9.3
"Morocco",2003,9.6
"Morocco",2004,9.8
"Morocco",2005,10
"Morocco",2006,10
"Morocco",2007,10.3
"Morocco",2008,10.5
"Morocco",2009,10.7
"Morocco",2010,11.2
"Morocco",2011,11.6
"Morocco",2012,12.1
"Morocco",2013,12.1
"Morocco",2014,12.1
"Morocco",2015,12.1
"Netherlands",1990,14.7
"Netherlands",1991,15
"Netherlands",1992,14.9
"Netherlands",1993,15.1
"Netherlands",1994,17.4
"Netherlands",1995,16.8
"Netherlands",1996,17
"Netherlands",1997,16.7
"Netherlands",1998,16.7
"Netherlands",1999,16.5
"Netherlands",2000,16.7
"Netherlands",2001,16.9
"Netherlands",2002,16.5
"Netherlands",2003,16.5
"Netherlands",2004,16.4
"Netherlands",2005,16.5
"Netherlands",2006,16.6
"Netherlands",2007,16.8
"Netherlands",2008,16.9
"Netherlands",2009,17
"Netherlands",2010,17.2
"Netherlands",2011,18.1
"Netherlands",2012,18.1
"Netherlands",2013,18.1
"Netherlands",2014,18.1
"Netherlands",2015,18.1
"New Zealand",1990,14.5
"New Zealand",1991,14.8
"New Zealand",1992,15.2
"New Zealand",1993,16
"New Zealand",1994,16.6
"New Zealand",1995,16.9
"New Zealand",1996,17
"New Zealand",1997,17.3
"New Zealand",1998,17.4
"New Zealand",1999,17.2
"New Zealand",2000,17.4
"New Zealand",2001,17.5
"New Zealand",2002,18.2
"New Zealand",2003,18.4
"New Zealand",2004,18.9
"New Zealand",2005,19.1
"New Zealand",2006,19.2
"New Zealand",2007,19.5
"New Zealand",2008,19.3
"New Zealand",2009,20.3
"New Zealand",2010,19.7
"New Zealand",2011,19.5
"New Zealand",2012,19.3
"New Zealand",2013,19.2
"New Zealand",2014,19.2
"New Zealand",2015,19.2
"Nigeria",1990,6.7
"Nigeria",1991,6.8
"Nigeria",1992,6.9
"Nigeria",1993,7
"Nigeria",1994,7.1
"Nigeria",1995,7.2
"Nigeria",1996,7.3
"Nigeria",1997,7.4
"Nigeria",1998,7.5
"Nigeria",1999,7.6
"Nigeria",2000,8
"Nigeria",2001,7.7
"Nigeria",2002,8.1
"Nigeria",2003,8.5
"Nigeria",2004,8.9
"Nigeria",2005,9
"Nigeria",2006,9.1
"Nigeria",2007,9.2
"Nigeria",2008,9.3
"Nigeria",2009,9.5
"Nigeria",2010,9.6
"Nigeria",2011,9.7
"Nigeria",2012,9.8
"Nigeria",2013,10
"Nigeria",2014,10
"Nigeria",2015,10
"Norway",1990,14
"Norway",1991,14.3
"Norway",1992,14.5
"Norway",1993,15.1
"Norway",1994,16.1
"Norway",1995,15.6
"Norway",1996,15.8
"Norway",1997,16
"Norway",1998,16.9
"Norway",1999,17.1
"Norway",2000,17.5
"Norway",2001,17.1
"Norway",2002,17.1
"Norway",2003,17.5
"Norway",2004,17.6
"Norway",2005,17.5
"Norway",2006,17.6
"Norway",2007,17.6
"Norway",2008,17.4
"Norway",2009,17.4
"Norway",2010,17.6
"Norway",2011,17.6
"Norway",2012,17.5
"Norway",2013,17.7
"Norway",2014,17.7
"Norway",2015,17.7
"Pakistan",1990,4.6
"Pakistan",1991,4.7
"Pakistan",1992,4.8
"Pakistan",1993,4.9
"Pakistan",1994,4.9
"Pakistan",1995,5
"Pakistan",1996,5.1
"Pakistan",1997,5.2
"Pakistan",1998,5.2
"Pakistan",1999,5.3
"Pakistan",2000,5.4
"Pakistan",2001,5.5
"Pakistan",2002,5.6
"Pakistan",2003,5.6
"Pakistan",2004,6.1
"Pakistan",2005,6.5
"Pakistan",2006,6.7
"Pakistan",2007,7.3
"Pakistan",2008,7.3
"Pakistan",2009,7.5
"Pakistan",2010,7.5
"Pakistan",2011,7.6
"Pakistan",2012,7.7
"Pakistan",2013,7.8
"Pakistan",2014,8.1
"Pakistan",2015,8.1
"Palestine",1990,
"Palestine",1991,
"Palestine",1992,
"Palestine",1993,
"Palestine",1994,
"Palestine",1995,9.8
"Palestine",1996,10.2
"Palestine",1997,10.6
"Palestine",1998,10.9
"Palestine",1999,11.3
"Palestine",2000,11.2
"Palestine",2001,11.6
"Palestine",2002,11.9
"Palestine",2003,12.2
"Palestine",2004,12.7
"Palestine",2005,12.7
"Palestine",2006,12.9
"Palestine",2007,13.3
"Palestine",2008,13.4
"Palestine",2009,13.3
"Palestine",2010,13.3
"Palestine",2011,13.2
"Palestine",2012,13.2
"Palestine",2013,12.9
"Palestine",2014,12.8
"Palestine",2015,12.8
"Peru",1990,11.9
"Peru",1991,11.9
"Peru",1992,11.7
"Peru",1993,11.7
"Peru",1994,11.9
"Peru",1995,12.2
"Peru",1996,12.2
"Peru",1997,12.2
"Peru",1998,12.8
"Peru",1999,13.5
"Peru",2000,13.4
"Peru",2001,13.9
"Peru",2002,13.3
"Peru",2003,12.8
"Peru",2004,13
"Peru",2005,13
"Peru",2006,13.2
"Peru",2007,13.2
"Peru",2008,13.3
"Peru",2009,13.3
"Peru",2010,13.4
"Peru",2011,13.4
"Peru",2012,13.4
"Peru",2013,13.4
"Peru",2014,13.4
"Peru",2015,13.4
"Philippines",1990,10.8
"Philippines",1991,10.8
"Philippines",1992,10.8
"Philippines",1993,10.8
"Philippines",1994,10.8
"Philippines",1995,10.8
"Philippines",1996,11.1
"Philippines",1997,11.1
"Philippines",1998,11.1
"Philippines",1999,11.4
"Philippines",2000,11.4
"Philippines",2001,11.4
"Philippines",2002,11.6
"Philippines",2003,11.6
"Philippines",2004,11.6
"Philippines",2005,11.5
"Philippines",2006,11.4
"Philippines",2007,11.5
"Philippines",2008,11.7
"Philippines",2009,11.4
"Philippines",2010,11.5
"Philippines",2011,11.6
"Philippines",2012,11.7
"Philippines",2013,11.7
"Philippines",2014,11.7
"Philippines",2015,11.7
"Poland",1990,12.3
"Poland",1991,12.3
"Poland",1992,12.3
"Poland",1993,12.9
"Poland",1994,13.1
"Poland",1995,13
"Poland",1996,13.2
"Poland",1997,13.8
"Poland",1998,14.2
"Poland",1999,14.6
"Poland",2000,14.7
"Poland",2001,15
"Poland",2002,15.3
"Poland",2003,15.5
"Poland",2004,14.8
"Poland",2005,15
"Poland",2006,15
"Poland",2007,15
"Poland",2008,15.1
"Poland",2009,15.1
"Poland",2010,15.4
"Poland",2011,15.3
"Poland",2012,15.4
"Poland",2013,16.4
"Poland",2014,16.4
"Poland",2015,16.4
"Puerto Rico",1990,
"Puerto Rico",1991,
"Puerto Rico",1992,
"Puerto Rico",1993,
"Puerto Rico",1994,
"Puerto Rico",1995,
"Puerto Rico",1996,
"Puerto Rico",1997,
"Puerto Rico",1998,
"Puerto Rico",1999,
"Puerto Rico",2000,
"Puerto Rico",2001,
"Puerto Rico",2002,
"Puerto Rico",2003,
"Puerto Rico",2004,
"Puerto Rico",2005,
"Puerto Rico",2006,
"Puerto Rico",2007,
"Puerto Rico",2008,
"Puerto Rico",2009,
"Puerto Rico",2010,
"Puerto Rico",2011,
"Puerto Rico",2012,
"Puerto Rico",2013,
"Puerto Rico",2014,
"Puerto Rico",2015,
"Qatar",1990,11.8
"Qatar",1991,11.5
"Qatar",1992,11.3
"Qatar",1993,11.9
"Qatar",1994,12.6
"Qatar",1995,13.1
"Qatar",1996,13.6
"Qatar",1997,13.4
"Qatar",1998,13.2
"Qatar",1999,13
"Qatar",2000,12.6
"Qatar",2001,12.2
"Qatar",2002,12.8
"Qatar",2003,13.5
"Qatar",2004,13.7
"Qatar",2005,13.7
"Qatar",2006,12.6
"Qatar",2007,11.7
"Qatar",2008,11.8
"Qatar",2009,12
"Qatar",2010,12.4
"Qatar",2011,13.4
"Qatar",2012,13.4
"Qatar",2013,13.4
"Qatar",2014,13.4
"Qatar",2015,13.4
"Romania",1990,11.9
"Romania",1991,11
"Romania",1992,10.5
"Romania",1993,10.3
"Romania",1994,10.2
"Romania",1995,10.4
"Romania",1996,10.8
"Romania",1997,11
"Romania",1998,11.1
"Romania",1999,11.5
"Romania",2000,11.7
"Romania",2001,12
"Romania",2002,12.5
"Romania",2003,12.9
"Romania",2004,13.4
"Romania",2005,13.7
"Romania",2006,14.1
"Romania",2007,14.7
"Romania",2008,15.4
"Romania",2009,15.8
"Romania",2010,15.7
"Romania",2011,15.3
"Romania",2012,14.7
"Romania",2013,14.7
"Romania",2014,14.7
"Romania",2015,14.7
"Russia",1990,12.8
"Russia",1991,12.7
"Russia",1992,12.4
"Russia",1993,12
"Russia",1994,11.8
"Russia",1995,11.8
"Russia",1996,11.9
"Russia",1997,11.9
"Russia",1998,12
"Russia",1999,12.1
"Russia",2000,12.5
"Russia",2001,12.8
"Russia",2002,13.2
"Russia",2003,13.6
"Russia",2004,13.7
"Russia",2005,13.8
"Russia",2006,13.8
"Russia",2007,13.9
"Russia",2008,14
"Russia",2009,13.7
"Russia",2010,14
"Russia",2011,14.3
"Russia",2012,14.6
"Russia",2013,14.9
"Russia",2014,15
"Russia",2015,15
"Rwanda",1990,5.7
"Rwanda",1991,5.8
"Rwanda",1992,5.9
"Rwanda",1993,6
"Rwanda",1994,6.1
"Rwanda",1995,6.2
"Rwanda",1996,6.3
"Rwanda",1997,6.4
"Rwanda",1998,6.2
"Rwanda",1999,6.6
"Rwanda",2000,7.1
"Rwanda",2001,7.2
"Rwanda",2002,7.6
"Rwanda",2003,8.2
"Rwanda",2004,8.8
"Rwanda",2005,9.3
"Rwanda",2006,10.1
"Rwanda",2007,10.4
"Rwanda",2008,10.2
"Rwanda",2009,10
"Rwanda",2010,10.2
"Rwanda",2011,10.5
"Rwanda",2012,10.8
"Rwanda",2013,10.8
"Rwanda",2014,10.8
"Rwanda",2015,10.8
"Saudi Arabia",1990,10.8
"Saudi Arabia",1991,10.9
"Saudi Arabia",1992,11
"Saudi Arabia",1993,11.2
"Saudi Arabia",1994,11.3
"Saudi Arabia",1995,11.4
"Saudi Arabia",1996,11.5
"Saudi Arabia",1997,11.6
"Saudi Arabia",1998,11.7
"Saudi Arabia",1999,11.8
"Saudi Arabia",2000,12
"Saudi Arabia",2001,12.1
"Saudi Arabia",2002,12.2
"Saudi Arabia",2003,12.3
"Saudi Arabia",2004,12.4
"Saudi Arabia",2005,12.5
"Saudi Arabia",2006,12.7
"Saudi Arabia",2007,12.8
"Saudi Arabia",2008,13
"Saudi Arabia",2009,13.3
"Saudi Arabia",2010,13.9
"Saudi Arabia",2011,14.5
"Saudi Arabia",2012,15.2
"Saudi Arabia",2013,15.8
"Saudi Arabia",2014,16.1
"Saudi Arabia",2015,16.1
"Serbia",1990,12.4
"Serbia",1991,12.5
"Serbia",1992,12.6
"Serbia",1993,12.6
"Serbia",1994,12.7
"Serbia",1995,12.8
"Serbia",1996,12.8
"Serbia",1997,12.9
"Serbia",1998,13
"Serbia",1999,13
"Serbia",2000,13.1
"Serbia",2001,13.2
"Serbia",2002,13
"Serbia",2003,13.1
"Serbia",2004,13.2
"Serbia",2005,13.4
"Serbia",2006,13.5
"Serbia",2007,13.5
"Serbia",2008,13.6
"Serbia",2009,13.6
"Serbia",2010,13.5
"Serbia",2011,14
"Serbia",2012,14.1
"Serbia",2013,14.3
"Serbia",2014,14.4
"Serbia",2015,14.4
"Serbia and Montenegro",1990,
"Serbia and Montenegro",1991,
"Serbia and Montenegro",1992,
"Serbia and Montenegro",1993,
"Serbia and Montenegro",1994,
"Serbia and Montenegro",1995,
"Serbia and Montenegro",1996,
"Serbia and Montenegro",1997,
"Serbia and Montenegro",1998,
"Serbia and Montenegro",1999,
"Serbia and Montenegro",2000,
"Serbia and Montenegro",2001,
"Serbia and Montenegro",2002,
"Serbia and Montenegro",2003,
"Serbia and Montenegro",2004,
"Serbia and Montenegro",2005,
"Serbia and Montenegro",2006,
"Serbia and Montenegro",2007,
"Serbia and Montenegro",2008,
"Serbia and Montenegro",2009,
"Serbia and Montenegro",2010,
"Serbia and Montenegro",2011,
"Serbia and Montenegro",2012,
"Serbia and Montenegro",2013,
"Serbia and Montenegro",2014,
"Serbia and Montenegro",2015,
"Singapore",1990,10.6
"Singapore",1991,10.8
"Singapore",1992,11
"Singapore",1993,11.2
"Singapore",1994,11.4
"Singapore",1995,11.6
"Singapore",1996,11.8
"Singapore",1997,12
"Singapore",1998,12.3
"Singapore",1999,12.5
"Singapore",2000,12.7
"Singapore",2001,12.6
"Singapore",2002,12.7
"Singapore",2003,12.7
"Singapore",2004,12.6
"Singapore",2005,13.9
"Singapore",2006,14.1
"Singapore",2007,14.2
"Singapore",2008,14.4
"Singapore",2009,14.5
"Singapore",2010,15.2
"Singapore",2011,15.4
"Singapore",2012,15.4
"Singapore",2013,15.4
"Singapore",2014,15.4
"Singapore",2015,15.4
"Slovakia",1990,11.6
"Slovakia",1991,11.6
"Slovakia",1992,11.7
"Slovakia",1993,11.8
"Slovakia",1994,11.9
"Slovakia",1995,12.1
"Slovakia",1996,12.3
"Slovakia",1997,12.4
"Slovakia",1998,12.9
"Slovakia",1999,13
"Slovakia",2000,13.3
"Slovakia",2001,13.3
"Slovakia",2002,13.6
"Slovakia",2003,13.8
"Slovakia",2004,14
"Slovakia",2005,14.3
"Slovakia",2006,14.5
"Slovakia",2007,14.8
"Slovakia",2008,14.9
"Slovakia",2009,15
"Slovakia",2010,15
"Slovakia",2011,15
"Slovakia",2012,15
"Slovakia",2013,15.1
"Slovakia",2014,15
"Slovakia",2015,15
"Slovenia",1990,12
"Slovenia",1991,12
"Slovenia",1992,12.3
"Slovenia",1993,12.2
"Slovenia",1994,12.3
"Slovenia",1995,12.6
"Slovenia",1996,12.8
"Slovenia",1997,13.1
"Slovenia",1998,13.7
"Slovenia",1999,14.6
"Slovenia",2000,14.7
"Slovenia",2001,15.6
"Slovenia",2002,16.1
"Slovenia",2003,16.6
"Slovenia",2004,16.3
"Slovenia",2005,16.7
"Slovenia",2006,16.8
"Slovenia",2007,16.9
"Slovenia",2008,16.9
"Slovenia",2009,16.9
"Slovenia",2010,17
"Slovenia",2011,16.8
"Slovenia",2012,16.8
"Slovenia",2013,17.6
"Slovenia",2014,17.3
"Slovenia",2015,17.3
"South Africa",1990,11.4
"South Africa",1991,11.9
"South Africa",1992,12.3
"South Africa",1993,12.7
"South Africa",1994,13.1
"South Africa",1995,13
"South Africa",1996,13
"South Africa",1997,13
"South Africa",1998,13
"South Africa",1999,13
"South Africa",2000,13
"South Africa",2001,12.9
"South Africa",2002,12.9
"South Africa",2003,12.9
"South Africa",2004,12.9
"South Africa",2005,12.9
"South Africa",2006,12.9
"South Africa",2007,12.9
"South Africa",2008,12.8
"South Africa",2009,12.8
"South Africa",2010,12.8
"South Africa",2011,12.8
"South Africa",2012,12.8
"South Africa",2013,13
"South Africa",2014,13
"South Africa",2015,13
"South Korea",1990,13.7
"South Korea",1991,13.8
"South Korea",1992,13.8
"South Korea",1993,14.1
"South Korea",1994,14.4
"South Korea",1995,14.7
"South Korea",1996,15.1
"South Korea",1997,15.6
"South Korea",1998,15.5
"South Korea",1999,15.7
"South Korea",2000,15.9
"South Korea",2001,15.9
"South Korea",2002,16
"South Korea",2003,16.2
"South Korea",2004,16.4
"South Korea",2005,16.7
"South Korea",2006,16.8
"South Korea",2007,16.8
"South Korea",2008,16.7
"South Korea",2009,16.7
"South Korea",2010,16.7
"South Korea",2011,16.8
"South Korea",2012,16.7
"South Korea",2013,16.6
"South Korea",2014,16.6
"South Korea",2015,16.6
"Spain",1990,14.1
"Spain",1991,14.3
"Spain",1992,14.6
"Spain",1993,15
"Spain",1994,15.4
"Spain",1995,15.5
"Spain",1996,15.7
"Spain",1997,15.6
"Spain",1998,15.6
"Spain",1999,15.7
"Spain",2000,15.7
"Spain",2001,15.7
"Spain",2002,15.6
"Spain",2003,15.6
"Spain",2004,15.8
"Spain",2005,15.9
"Spain",2006,16
"Spain",2007,16.1
"Spain",2008,16.3
"Spain",2009,16.4
"Spain",2010,16.9
"Spain",2011,17.2
"Spain",2012,17.5
"Spain",2013,17.6
"Spain",2014,17.7
"Spain",2015,17.7
"Sweden",1990,12.9
"Sweden",1991,13
"Sweden",1992,13.3
"Sweden",1993,15.1
"Sweden",1994,15.5
"Sweden",1995,15.9
"Sweden",1996,15.9
"Sweden",1997,15.9
"Sweden",1998,15.9
"Sweden",1999,15.9
"Sweden",2000,15.9
"Sweden",2001,15.9
"Sweden",2002,15.9
"Sweden",2003,16
"Sweden",2004,16
"Sweden",2005,15.9
"Sweden",2006,15.8
"Sweden",2007,15.7
"Sweden",2008,15.8
"Sweden",2009,15.8
"Sweden",2010,16
"Sweden",2011,15.8
"Sweden",2012,15.8
"Sweden",2013,15.8
"Sweden",2014,15.9
"Sweden",2015,16.1
"Switzerland",1990,13.4
"Switzerland",1991,13.6
"Switzerland",1992,13.7
"Switzerland",1993,14.1
"Switzerland",1994,14.2
"Switzerland",1995,14.4
"Switzerland",1996,14.5
"Switzerland",1997,14.8
"Switzerland",1998,15
"Switzerland",1999,15.1
"Switzerland",2000,15.2
"Switzerland",2001,15.2
"Switzerland",2002,15
"Switzerland",2003,15.1
"Switzerland",2004,15.2
"Switzerland",2005,15.2
"Switzerland",2006,15.3
"Switzerland",2007,15.3
"Switzerland",2008,15.3
"Switzerland",2009,15.4
"Switzerland",2010,15.6
"Switzerland",2011,15.7
"Switzerland",2012,15.8
"Switzerland",2013,15.9
"Switzerland",2014,16
"Switzerland",2015,16
"Taiwan",1990,
"Taiwan",1991,
"Taiwan",1992,
"Taiwan",1993,
"Taiwan",1994,
"Taiwan",1995,
"Taiwan",1996,
"Taiwan",1997,
"Taiwan",1998,
"Taiwan",1999,
"Taiwan",2000,
"Taiwan",2001,
"Taiwan",2002,
"Taiwan",2003,
"Taiwan",2004,
"Taiwan",2005,
"Taiwan",2006,
"Taiwan",2007,
"Taiwan",2008,
"Taiwan",2009,
"Taiwan",2010,
"Taiwan",2011,
"Taiwan",2012,
"Taiwan",2013,
"Taiwan",2014,
"Taiwan",2015,
"Tanzania",1990,5.5
"Tanzania",1991,5.6
"Tanzania",1992,5.5
"Tanzania",1993,5.6
"Tanzania",1994,5.5
"Tanzania",1995,5.4
"Tanzania",1996,5.4
"Tanzania",1997,5.4
"Tanzania",1998,5.7
"Tanzania",1999,6
"Tanzania",2000,6.2
"Tanzania",2001,6.5
"Tanzania",2002,6.8
"Tanzania",2003,7.1
"Tanzania",2004,7.3
"Tanzania",2005,7.6
"Tanzania",2006,7.9
"Tanzania",2007,8.2
"Tanzania",2008,8.4
"Tanzania",2009,8.7
"Tanzania",2010,9
"Tanzania",2011,9
"Tanzania",2012,8.9
"Tanzania",2013,8.4
"Tanzania",2014,8.4
"Tanzania",2015,8.9
"Thailand",1990,8.4
"Thailand",1991,8.7
"Thailand",1992,8.9
"Thailand",1993,9.2
"Thailand",1994,9.4
"Thailand",1995,9.6
"Thailand",1996,9.8
"Thailand",1997,10.1
"Thailand",1998,10.6
"Thailand",1999,10.9
"Thailand",2000,11.2
"Thailand",2001,11.5
"Thailand",2002,11.8
"Thailand",2003,11.9
"Thailand",2004,12
"Thailand",2005,12.4
"Thailand",2006,12.3
"Thailand",2007,12.9
"Thailand",2008,13
"Thailand",2009,13.1
"Thailand",2010,13.3
"Thailand",2011,13.7
"Thailand",2012,13.6
"Thailand",2013,13.6
"Thailand",2014,13.6
"Thailand",2015,13.6
"Trinidad and Tobago",1990,11.2
"Trinidad and Tobago",1991,11
"Trinidad and Tobago",1992,11
"Trinidad and Tobago",1993,11
"Trinidad and Tobago",1994,11.1
"Trinidad and Tobago",1995,11.2
"Trinidad and Tobago",1996,11.3
"Trinidad and Tobago",1997,11.5
"Trinidad and Tobago",1998,11.6
"Trinidad and Tobago",1999,11.7
"Trinidad and Tobago",2000,11.8
"Trinidad and Tobago",2001,11.9
"Trinidad and Tobago",2002,12
"Trinidad and Tobago",2003,12.2
"Trinidad and Tobago",2004,12.3
"Trinidad and Tobago",2005,12.3
"Trinidad and Tobago",2006,12.4
"Trinidad and Tobago",2007,12.4
"Trinidad and Tobago",2008,12.5
"Trinidad and Tobago",2009,12.5
"Trinidad and Tobago",2010,12.6
"Trinidad and Tobago",2011,12.6
"Trinidad and Tobago",2012,12.7
"Trinidad and Tobago",2013,12.7
"Trinidad and Tobago",2014,12.7
"Trinidad and Tobago",2015,12.7
"Tunisia",1990,10.5
"Tunisia",1991,10.6
"Tunisia",1992,10.7
"Tunisia",1993,10.9
"Tunisia",1994,11.3
"Tunisia",1995,11.6
"Tunisia",1996,11.8
"Tunisia",1997,11.8
"Tunisia",1998,12.4
"Tunisia",1999,12.8
"Tunisia",2000,13.1
"Tunisia",2001,13.3
"Tunisia",2002,13.5
"Tunisia",2003,13.6
"Tunisia",2004,13.9
"Tunisia",2005,14.2
"Tunisia",2006,14.3
"Tunisia",2007,14.3
"Tunisia",2008,14.4
"Tunisia",2009,14.4
"Tunisia",2010,14.5
"Tunisia",2011,14.6
"Tunisia",2012,14.7
"Tunisia",2013,14.7
"Tunisia",2014,14.6
"Tunisia",2015,14.6
"Turkey",1990,8.9
"Turkey",1991,9.1
"Turkey",1992,9.2
"Turkey",1993,9.3
"Turkey",1994,9.5
"Turkey",1995,9.6
"Turkey",1996,9.7
"Turkey",1997,9.8
"Turkey",1998,10.2
"Turkey",1999,10.7
"Turkey",2000,11.1
"Turkey",2001,11.5
"Turkey",2002,11.9
"Turkey",2003,12
"Turkey",2004,11.9
"Turkey",2005,11.9
"Turkey",2006,12.3
"Turkey",2007,12.5
"Turkey",2008,12.5
"Turkey",2009,13
"Turkey",2010,13.8
"Turkey",2011,14.3
"Turkey",2012,14.4
"Turkey",2013,14.5
"Turkey",2014,14.5
"Turkey",2015,14.6
"Uganda",1990,5.7
"Uganda",1991,5.7
"Uganda",1992,5.1
"Uganda",1993,5.5
"Uganda",1994,5.5
"Uganda",1995,5.6
"Uganda",1996,6.6
"Uganda",1997,7.7
"Uganda",1998,8.7
"Uganda",1999,9.8
"Uganda",2000,10.8
"Uganda",2001,11
"Uganda",2002,11.5
"Uganda",2003,11.6
"Uganda",2004,10.9
"Uganda",2005,10.6
"Uganda",2006,10.3
"Uganda",2007,10.6
"Uganda",2008,10.8
"Uganda",2009,10.9
"Uganda",2010,10.7
"Uganda",2011,10
"Uganda",2012,10
"Uganda",2013,10
"Uganda",2014,10
"Uganda",2015,10
"Ukraine",1990,12.4
"Ukraine",1991,12.4
"Ukraine",1992,12.1
"Ukraine",1993,12
"Ukraine",1994,11.9
"Ukraine",1995,12.2
"Ukraine",1996,12.4
"Ukraine",1997,12.7
"Ukraine",1998,13
"Ukraine",1999,13.3
"Ukraine",2000,13.2
"Ukraine",2001,13.9
"Ukraine",2002,14.3
"Ukraine",2003,14.6
"Ukraine",2004,14.5
"Ukraine",2005,14.7
"Ukraine",2006,14.8
"Ukraine",2007,14.9
"Ukraine",2008,14.9
"Ukraine",2009,14.9
"Ukraine",2010,14.9
"Ukraine",2011,15.1
"Ukraine",2012,15.2
"Ukraine",2013,15.2
"Ukraine",2014,15.3
"Ukraine",2015,15.3
"United States",1990,15.3
"United States",1991,15.3
"United States",1992,15.6
"United States",1993,15.8
"United States",1994,15.9
"United States",1995,15.9
"United States",1996,15.8
"United States",1997,15.8
"United States",1998,15.9
"United States",1999,15.8
"United States",2000,15.5
"United States",2001,15.6
"United States",2002,15.7
"United States",2003,15.9
"United States",2004,15.9
"United States",2005,16
"United States",2006,16.1
"United States",2007,16.2
"United States",2008,16.3
"United States",2009,16.4
"United States",2010,16.6
"United States",2011,16.7
"United States",2012,16.6
"United States",2013,16.5
"United States",2014,16.5
"United States",2015,16.5
"Uruguay",1990,12.9
"Uruguay",1991,13
"Uruguay",1992,12.8
"Uruguay",1993,12.9
"Uruguay",1994,13
"Uruguay",1995,13.1
"Uruguay",1996,13.2
"Uruguay",1997,13.5
"Uruguay",1998,13.9
"Uruguay",1999,14
"Uruguay",2000,14.2
"Uruguay",2001,14.7
"Uruguay",2002,15
"Uruguay",2003,15.5
"Uruguay",2004,15.5
"Uruguay",2005,15.2
"Uruguay",2006,15.3
"Uruguay",2007,15.7
"Uruguay",2008,15.5
"Uruguay",2009,15.6
"Uruguay",2010,15.5
"Uruguay",2011,15.5
"Uruguay",2012,15.5
"Uruguay",2013,15.5
"Uruguay",2014,15.5
"Uruguay",2015,15.5
"Uzbekistan",1990,11.3
"Uzbekistan",1991,11.1
"Uzbekistan",1992,10.8
"Uzbekistan",1993,10.8
"Uzbekistan",1994,10.8
"Uzbekistan",1995,10.7
"Uzbekistan",1996,10.7
"Uzbekistan",1997,10.7
"Uzbekistan",1998,10.6
"Uzbekistan",1999,10.6
"Uzbekistan",2000,10.7
"Uzbekistan",2001,11
"Uzbekistan",2002,11.3
"Uzbekistan",2003,11.6
"Uzbekistan",2004,11.7
"Uzbekistan",2005,11.8
"Uzbekistan",2006,11.8
"Uzbekistan",2007,11.9
"Uzbekistan",2008,11.8
"Uzbekistan",2009,11.9
"Uzbekistan",2010,12
"Uzbekistan",2011,12
"Uzbekistan",2012,12
"Uzbekistan",2013,12.1
"Uzbekistan",2014,12.1
"Uzbekistan",2015,12.2
"Venezuela",1990,10.5
"Venezuela",1991,10.7
"Venezuela",1992,10.8
"Venezuela",1993,10.8
"Venezuela",1994,10.7
"Venezuela",1995,10.7
"Venezuela",1996,10.6
"Venezuela",1997,10.6
"Venezuela",1998,10.5
"Venezuela",1999,10.6
"Venezuela",2000,10.4
"Venezuela",2001,11
"Venezuela",2002,11.6
"Venezuela",2003,11.6
"Venezuela",2004,11.8
"Venezuela",2005,12.4
"Venezuela",2006,12.9
"Venezuela",2007,13.4
"Venezuela",2008,14
"Venezuela",2009,14
"Venezuela",2010,14.1
"Venezuela",2011,14.1
"Venezuela",2012,14.2
"Venezuela",2013,14.2
"Venezuela",2014,14.3
"Venezuela",2015,14.3
"Viet Nam",1990,7.8
"Viet Nam",1991,8.1
"Viet Nam",1992,8.4
"Viet Nam",1993,8.7
"Viet Nam",1994,9
"Viet Nam",1995,9.3
"Viet Nam",1996,9.6
"Viet Nam",1997,9
"Viet Nam",1998,10.3
"Viet Nam",1999,10.4
"Viet Nam",2000,10.6
"Viet Nam",2001,10.7
"Viet Nam",2002,10.9
"Viet Nam",2003,11
"Viet Nam",2004,11.1
"Viet Nam",2005,11.3
"Viet Nam",2006,11.4
"Viet Nam",2007,11.6
"Viet Nam",2008,11.7
"Viet Nam",2009,11.9
"Viet Nam",2010,12
"Viet Nam",2011,12.2
"Viet Nam",2012,12.3
"Viet Nam",2013,12.5
"Viet Nam",2014,12.6
"Viet Nam",2015,12.6
"Yemen",1990,7.5
"Yemen",1991,7.5
"Yemen",1992,7.6
"Yemen",1993,7.6
"Yemen",1994,7.6
"Yemen",1995,7.6
"Yemen",1996,7.6
"Yemen",1997,7.6
"Yemen",1998,7.6
"Yemen",1999,7.7
"Yemen",2000,7.9
"Yemen",2001,8
"Yemen",2002,8.2
"Yemen",2003,8.4
"Yemen",2004,8.6
"Yemen",2005,8.7
"Yemen",2006,8.6
"Yemen",2007,8.5
"Yemen",2008,8.4
"Yemen",2009,8.5
"Yemen",2010,8.6
"Yemen",2011,9
"Yemen",2012,9
"Yemen",2013,9
"Yemen",2014,9
"Yemen",2015,9
"Zambia",1990,7.5
"Zambia",1991,7.7
"Zambia",1992,8
"Zambia",1993,8.2
"Zambia",1994,8.4
"Zambia",1995,8.7
"Zambia",1996,8.9
"Zambia",1997,9.1
"Zambia",1998,9.3
"Zambia",1999,9.6
"Zambia",2000,9.8
"Zambia",2001,10
"Zambia",2002,10.2
"Zambia",2003,10.5
"Zambia",2004,10.7
"Zambia",2005,10.9
"Zambia",2006,11.1
"Zambia",2007,11.4
"Zambia",2008,11.6
"Zambia",2009,11.8
"Zambia",2010,12
"Zambia",2011,12.3
"Zambia",2012,12.5
"Zambia",2013,12.5
"Zambia",2014,12.5
"Zambia",2015,12.5
"Zimbabwe",1990,9.8
"Zimbabwe",1991,10.2
"Zimbabwe",1992,9.8
"Zimbabwe",1993,9.8
"Zimbabwe",1994,9.8
"Zimbabwe",1995,9.8
"Zimbabwe",1996,9.8
"Zimbabwe",1997,9.8
"Zimbabwe",1998,9.8
"Zimbabwe",1999,9.8
"Zimbabwe",2000,9.8
"Zimbabwe",2001,10
"Zimbabwe",2002,9.5
"Zimbabwe",2003,9.2
"Zimbabwe",2004,9.3
"Zimbabwe",2005,9.5
"Zimbabwe",2006,9.6
"Zimbabwe",2007,9.7
"Zimbabwe",2008,9.9
"Zimbabwe",2009,10
"Zimbabwe",2010,10.1
"Zimbabwe",2011,9.8
"Zimbabwe",2012,10.4
"Zimbabwe",2013,10.3
"Zimbabwe",2014,10.3
"Zimbabwe",2015,10.3
