country,year,ppp
"Albania",1990,8.947e+09
"Albania",1991,6.509e+09
"Albania",1992,6.178e+09
"Albania",1993,6.933e+09
"Albania",1994,7.668e+09
"Albania",1995,8.869e+09
"Albania",1996,9.852e+09
"Albania",1997,8.935e+09
"Albania",1998,1.004e+10
"Albania",1999,1.147e+10
"Albania",2000,1.245e+10
"Albania",2001,1.364e+10
"Albania",2002,1.451e+10
"Albania",2003,1.555e+10
"Albania",2004,1.672e+10
"Albania",2005,1.790e+10
"Albania",2006,1.985e+10
"Albania",2007,2.166e+10
"Albania",2008,2.425e+10
"Albania",2009,2.580e+10
"Albania",2010,2.807e+10
"Albania",2011,2.966e+10
"Albania",2012,3.053e+10
"Albania",2013,3.060e+10
"Albania",2014,3.253e+10
"Algeria",1990,1.714e+11
"Algeria",1991,1.750e+11
"Algeria",1992,1.822e+11
"Algeria",1993,1.827e+11
"Algeria",1994,1.849e+11
"Algeria",1995,1.959e+11
"Algeria",1996,2.076e+11
"Algeria",1997,2.135e+11
"Algeria",1998,2.269e+11
"Algeria",1999,2.377e+11
"Algeria",2000,2.524e+11
"Algeria",2001,2.659e+11
"Algeria",2002,2.851e+11
"Algeria",2003,3.118e+11
"Algeria",2004,3.341e+11
"Algeria",2005,3.652e+11
"Algeria",2006,3.828e+11
"Algeria",2007,4.062e+11
"Algeria",2008,4.240e+11
"Algeria",2009,4.342e+11
"Algeria",2010,4.555e+11
"Algeria",2011,4.783e+11
"Algeria",2012,5.035e+11
"Algeria",2013,5.258e+11
"Algeria",2014,5.556e+11
"Andorra",1990,
"Andorra",1991,
"Andorra",1992,
"Andorra",1993,
"Andorra",1994,
"Andorra",1995,
"Andorra",1996,
"Andorra",1997,
"Andorra",1998,
"Andorra",1999,
"Andorra",2000,
"Andorra",2001,
"Andorra",2002,
"Andorra",2003,
"Andorra",2004,
"Andorra",2005,
"Andorra",2006,
"Andorra",2007,
"Andorra",2008,
"Andorra",2009,
"Andorra",2010,
"Andorra",2011,
"Andorra",2012,
"Andorra",2013,
"Andorra",2014,
"Argentina",1990,2.288e+11
"Argentina",1991,2.664e+11
"Argentina",1992,3.050e+11
"Argentina",1993,3.307e+11
"Argentina",1994,3.574e+11
"Argentina",1995,3.545e+11
"Argentina",1996,3.809e+11
"Argentina",1997,4.189e+11
"Argentina",1998,4.397e+11
"Argentina",1999,4.313e+11
"Argentina",2000,4.377e+11
"Argentina",2001,4.279e+11
"Argentina",2002,3.871e+11
"Argentina",2003,4.297e+11
"Argentina",2004,4.814e+11
"Argentina",2005,5.409e+11
"Argentina",2006,6.024e+11
"Argentina",2007,6.741e+11
"Argentina",2008,7.152e+11
"Argentina",2009,6.780e+11
"Argentina",2010,7.558e+11
"Argentina",2011,8.177e+11
"Argentina",2012,8.242e+11
"Argentina",2013,8.577e+11
"Argentina",2014,8.511e+11
"Armenia",1990,8.558e+09
"Armenia",1991,7.809e+09
"Armenia",1992,4.648e+09
"Armenia",1993,4.340e+09
"Armenia",1994,4.672e+09
"Armenia",1995,5.098e+09
"Armenia",1996,5.496e+09
"Armenia",1997,5.775e+09
"Armenia",1998,6.264e+09
"Armenia",1999,6.570e+09
"Armenia",2000,7.116e+09
"Armenia",2001,7.974e+09
"Armenia",2002,9.164e+09
"Armenia",2003,1.066e+10
"Armenia",2004,1.210e+10
"Armenia",2005,1.422e+10
"Armenia",2006,1.659e+10
"Armenia",2007,1.937e+10
"Armenia",2008,2.112e+10
"Armenia",2009,1.827e+10
"Armenia",2010,1.890e+10
"Armenia",2011,2.019e+10
"Armenia",2012,2.205e+10
"Armenia",2013,2.314e+10
"Armenia",2014,2.440e+10
"Australia",1990,2.964e+11
"Australia",1991,3.081e+11
"Australia",1992,3.190e+11
"Australia",1993,3.387e+11
"Australia",1994,3.595e+11
"Australia",1995,3.787e+11
"Australia",1996,4.037e+11
"Australia",1997,4.260e+11
"Australia",1998,4.534e+11
"Australia",1999,4.788e+11
"Australia",2000,5.045e+11
"Australia",2001,5.319e+11
"Australia",2002,5.643e+11
"Australia",2003,5.912e+11
"Australia",2004,6.317e+11
"Australia",2005,6.647e+11
"Australia",2006,7.117e+11
"Australia",2007,7.621e+11
"Australia",2008,7.970e+11
"Australia",2009,8.734e+11
"Australia",2010,8.642e+11
"Australia",2011,9.334e+11
"Australia",2012,9.686e+11
"Australia",2013,1.056e+12
"Australia",2014,1.095e+12
"Azerbaijan",1990,3.939e+10
"Azerbaijan",1991,4.042e+10
"Azerbaijan",1992,3.200e+10
"Azerbaijan",1993,2.519e+10
"Azerbaijan",1994,2.066e+10
"Azerbaijan",1995,1.860e+10
"Azerbaijan",1996,1.919e+10
"Azerbaijan",1997,2.065e+10
"Azerbaijan",1998,2.296e+10
"Azerbaijan",1999,2.503e+10
"Azerbaijan",2000,2.845e+10
"Azerbaijan",2001,3.198e+10
"Azerbaijan",2002,3.591e+10
"Azerbaijan",2003,4.073e+10
"Azerbaijan",2004,4.611e+10
"Azerbaijan",2005,6.016e+10
"Azerbaijan",2006,8.340e+10
"Azerbaijan",2007,1.071e+11
"Azerbaijan",2008,1.209e+11
"Azerbaijan",2009,1.333e+11
"Azerbaijan",2010,1.415e+11
"Azerbaijan",2011,1.445e+11
"Azerbaijan",2012,1.504e+11
"Azerbaijan",2013,1.617e+11
"Azerbaijan",2014,1.679e+11
"Bahrain",1990,1.126e+10
"Bahrain",1991,1.294e+10
"Bahrain",1992,1.412e+10
"Bahrain",1993,1.631e+10
"Bahrain",1994,1.662e+10
"Bahrain",1995,1.763e+10
"Bahrain",1996,1.869e+10
"Bahrain",1997,1.960e+10
"Bahrain",1998,2.076e+10
"Bahrain",1999,2.198e+10
"Bahrain",2000,2.368e+10
"Bahrain",2001,2.482e+10
"Bahrain",2002,2.611e+10
"Bahrain",2003,2.823e+10
"Bahrain",2004,3.104e+10
"Bahrain",2005,3.420e+10
"Bahrain",2006,3.753e+10
"Bahrain",2007,4.173e+10
"Bahrain",2008,4.520e+10
"Bahrain",2009,4.670e+10
"Bahrain",2010,4.932e+10
"Bahrain",2011,5.134e+10
"Bahrain",2012,5.424e+10
"Bahrain",2013,5.810e+10
"Bahrain",2014,6.171e+10
"Bangladesh",1990,8.840e+10
"Bangladesh",1991,9.452e+10
"Bangladesh",1992,1.019e+11
"Bangladesh",1993,1.093e+11
"Bangladesh",1994,1.159e+11
"Bangladesh",1995,1.244e+11
"Bangladesh",1996,1.324e+11
"Bangladesh",1997,1.407e+11
"Bangladesh",1998,1.496e+11
"Bangladesh",1999,1.590e+11
"Bangladesh",2000,1.712e+11
"Bangladesh",2001,1.840e+11
"Bangladesh",2002,1.940e+11
"Bangladesh",2003,2.073e+11
"Bangladesh",2004,2.241e+11
"Bangladesh",2005,2.465e+11
"Bangladesh",2006,2.710e+11
"Bangladesh",2007,2.978e+11
"Bangladesh",2008,3.219e+11
"Bangladesh",2009,3.408e+11
"Bangladesh",2010,3.641e+11
"Bangladesh",2011,3.957e+11
"Bangladesh",2012,4.293e+11
"Bangladesh",2013,4.624e+11
"Bangladesh",2014,4.992e+11
"Belarus",1990,5.501e+10
"Belarus",1991,5.616e+10
"Belarus",1992,5.193e+10
"Belarus",1993,4.912e+10
"Belarus",1994,4.430e+10
"Belarus",1995,4.052e+10
"Belarus",1996,4.242e+10
"Belarus",1997,4.806e+10
"Belarus",1998,5.266e+10
"Belarus",1999,5.529e+10
"Belarus",2000,5.982e+10
"Belarus",2001,6.408e+10
"Belarus",2002,6.834e+10
"Belarus",2003,7.462e+10
"Belarus",2004,8.545e+10
"Belarus",2005,9.649e+10
"Belarus",2006,1.094e+11
"Belarus",2007,1.220e+11
"Belarus",2008,1.370e+11
"Belarus",2009,1.384e+11
"Belarus",2010,1.510e+11
"Belarus",2011,1.626e+11
"Belarus",2012,1.685e+11
"Belarus",2013,1.730e+11
"Belarus",2014,1.791e+11
"Bosnia",1990,
"Bosnia",1991,
"Bosnia",1992,
"Bosnia",1993,
"Bosnia",1994,3.749e+09
"Bosnia",1995,4.623e+09
"Bosnia",1996,8.894e+09
"Bosnia",1997,1.216e+10
"Bosnia",1998,1.421e+10
"Bosnia",1999,1.581e+10
"Bosnia",2000,1.706e+10
"Bosnia",2001,1.786e+10
"Bosnia",2002,1.931e+10
"Bosnia",2003,2.021e+10
"Bosnia",2004,2.209e+10
"Bosnia",2005,2.440e+10
"Bosnia",2006,2.790e+10
"Bosnia",2007,3.080e+10
"Bosnia",2008,3.390e+10
"Bosnia",2009,3.373e+10
"Bosnia",2010,3.467e+10
"Bosnia",2011,3.653e+10
"Bosnia",2012,3.715e+10
"Bosnia",2013,3.903e+10
"Bosnia",2014,3.981e+10
"Brazil",1990,9.986e+11
"Brazil",1991,1.047e+12
"Brazil",1992,1.066e+12
"Brazil",1993,1.143e+12
"Brazil",1994,1.229e+12
"Brazil",1995,1.310e+12
"Brazil",1996,1.364e+12
"Brazil",1997,1.434e+12
"Brazil",1998,1.454e+12
"Brazil",1999,1.484e+12
"Brazil",2000,1.580e+12
"Brazil",2001,1.638e+12
"Brazil",2002,1.714e+12
"Brazil",2003,1.768e+12
"Brazil",2004,1.922e+12
"Brazil",2005,2.047e+12
"Brazil",2006,2.193e+12
"Brazil",2007,2.389e+12
"Brazil",2008,2.559e+12
"Brazil",2009,2.576e+12
"Brazil",2010,2.803e+12
"Brazil",2011,2.975e+12
"Brazil",2012,3.088e+12
"Brazil",2013,3.232e+12
"Brazil",2014,3.307e+12
"Bulgaria",1990,4.525e+10
"Bulgaria",1991,4.281e+10
"Bulgaria",1992,4.060e+10
"Bulgaria",1993,4.095e+10
"Bulgaria",1994,4.259e+10
"Bulgaria",1995,4.472e+10
"Bulgaria",1996,4.703e+10
"Bulgaria",1997,4.726e+10
"Bulgaria",1998,4.961e+10
"Bulgaria",1999,4.722e+10
"Bulgaria",2000,5.208e+10
"Bulgaria",2001,5.562e+10
"Bulgaria",2002,6.087e+10
"Bulgaria",2003,6.515e+10
"Bulgaria",2004,7.080e+10
"Bulgaria",2005,7.870e+10
"Bulgaria",2006,8.644e+10
"Bulgaria",2007,9.734e+10
"Bulgaria",2008,1.074e+11
"Bulgaria",2009,1.053e+11
"Bulgaria",2010,1.106e+11
"Bulgaria",2011,1.152e+11
"Bulgaria",2012,1.184e+11
"Bulgaria",2013,1.208e+11
"Bulgaria",2014,1.265e+11
"Burkina Faso",1990,4.808e+09
"Burkina Faso",1991,5.419e+09
"Burkina Faso",1992,5.556e+09
"Burkina Faso",1993,5.885e+09
"Burkina Faso",1994,6.089e+09
"Burkina Faso",1995,6.571e+09
"Burkina Faso",1996,7.428e+09
"Burkina Faso",1997,8.033e+09
"Burkina Faso",1998,8.713e+09
"Burkina Faso",1999,9.501e+09
"Burkina Faso",2000,9.894e+09
"Burkina Faso",2001,1.079e+10
"Burkina Faso",2002,1.143e+10
"Burkina Faso",2003,1.257e+10
"Burkina Faso",2004,1.349e+10
"Burkina Faso",2005,1.513e+10
"Burkina Faso",2006,1.657e+10
"Burkina Faso",2007,1.798e+10
"Burkina Faso",2008,1.967e+10
"Burkina Faso",2009,2.040e+10
"Burkina Faso",2010,2.176e+10
"Burkina Faso",2011,2.368e+10
"Burkina Faso",2012,2.568e+10
"Burkina Faso",2013,2.760e+10
"Burkina Faso",2014,2.931e+10
"Canada",1990,5.588e+11
"Canada",1991,5.651e+11
"Canada",1992,5.831e+11
"Canada",1993,6.129e+11
"Canada",1994,6.540e+11
"Canada",1995,6.855e+11
"Canada",1996,7.093e+11
"Canada",1997,7.523e+11
"Canada",1998,7.900e+11
"Canada",1999,8.435e+11
"Canada",2000,8.980e+11
"Canada",2001,9.348e+11
"Canada",2002,9.676e+11
"Canada",2003,1.020e+12
"Canada",2004,1.080e+12
"Canada",2005,1.168e+12
"Canada",2006,1.238e+12
"Canada",2007,1.297e+12
"Canada",2008,1.339e+12
"Canada",2009,1.304e+12
"Canada",2010,1.361e+12
"Canada",2011,1.427e+12
"Canada",2012,1.465e+12
"Canada",2013,1.550e+12
"Canada",2014,1.618e+12
"Chile",1990,5.968e+10
"Chile",1991,6.658e+10
"Chile",1992,7.685e+10
"Chile",1993,8.501e+10
"Chile",1994,9.270e+10
"Chile",1995,1.053e+11
"Chile",1996,1.164e+11
"Chile",1997,1.272e+11
"Chile",1998,1.341e+11
"Chile",1999,1.356e+11
"Chile",2000,1.461e+11
"Chile",2001,1.544e+11
"Chile",2002,1.616e+11
"Chile",2003,1.716e+11
"Chile",2004,1.890e+11
"Chile",2005,2.063e+11
"Chile",2006,2.574e+11
"Chile",2007,2.799e+11
"Chile",2008,2.758e+11
"Chile",2009,2.731e+11
"Chile",2010,3.104e+11
"Chile",2011,3.506e+11
"Chile",2012,3.742e+11
"Chile",2013,3.943e+11
"Chile",2014,4.054e+11
"China",1990,1.120e+12
"China",1991,1.265e+12
"China",1992,1.478e+12
"China",1993,1.722e+12
"China",1994,1.989e+12
"China",1995,2.252e+12
"China",1996,2.521e+12
"China",1997,2.801e+12
"China",1998,3.053e+12
"China",1999,3.338e+12
"China",2000,3.704e+12
"China",2001,4.104e+12
"China",2002,4.548e+12
"China",2003,5.104e+12
"China",2004,5.774e+12
"China",2005,6.639e+12
"China",2006,7.714e+12
"China",2007,9.046e+12
"China",2008,1.011e+13
"China",2009,1.115e+13
"China",2010,1.249e+13
"China",2011,1.396e+13
"China",2012,1.533e+13
"China",2013,1.679e+13
"China",2014,1.834e+13
"Colombia",1990,1.669e+11
"Colombia",1991,1.764e+11
"Colombia",1992,1.895e+11
"Colombia",1993,1.985e+11
"Colombia",1994,2.146e+11
"Colombia",1995,2.305e+11
"Colombia",1996,2.395e+11
"Colombia",1997,2.520e+11
"Colombia",1998,2.562e+11
"Colombia",1999,2.491e+11
"Colombia",2000,2.661e+11
"Colombia",2001,2.767e+11
"Colombia",2002,2.880e+11
"Colombia",2003,3.052e+11
"Colombia",2004,3.304e+11
"Colombia",2005,3.570e+11
"Colombia",2006,3.927e+11
"Colombia",2007,4.309e+11
"Colombia",2008,4.550e+11
"Colombia",2009,4.660e+11
"Colombia",2010,4.904e+11
"Colombia",2011,5.335e+11
"Colombia",2012,5.653e+11
"Colombia",2013,6.024e+11
"Colombia",2014,6.402e+11
"Croatia",1990,
"Croatia",1991,
"Croatia",1992,
"Croatia",1993,
"Croatia",1994,
"Croatia",1995,3.673e+10
"Croatia",1996,3.952e+10
"Croatia",1997,4.284e+10
"Croatia",1998,4.425e+10
"Croatia",1999,4.440e+10
"Croatia",2000,4.759e+10
"Croatia",2001,5.021e+10
"Croatia",2002,5.454e+10
"Croatia",2003,5.826e+10
"Croatia",2004,6.256e+10
"Croatia",2005,6.601e+10
"Croatia",2006,7.516e+10
"Croatia",2007,8.329e+10
"Croatia",2008,8.979e+10
"Croatia",2009,8.613e+10
"Croatia",2010,8.476e+10
"Croatia",2011,8.863e+10
"Croatia",2012,9.019e+10
"Croatia",2013,9.218e+10
"Croatia",2014,9.260e+10
"Cyprus",1990,7.642e+09
"Cyprus",1991,7.955e+09
"Cyprus",1992,8.901e+09
"Cyprus",1993,9.177e+09
"Cyprus",1994,9.925e+09
"Cyprus",1995,1.099e+10
"Cyprus",1996,1.131e+10
"Cyprus",1997,1.198e+10
"Cyprus",1998,1.286e+10
"Cyprus",1999,1.365e+10
"Cyprus",2000,1.507e+10
"Cyprus",2001,1.632e+10
"Cyprus",2002,1.701e+10
"Cyprus",2003,1.746e+10
"Cyprus",2004,1.899e+10
"Cyprus",2005,2.080e+10
"Cyprus",2006,2.289e+10
"Cyprus",2007,2.531e+10
"Cyprus",2008,2.739e+10
"Cyprus",2009,2.738e+10
"Cyprus",2010,2.759e+10
"Cyprus",2011,2.824e+10
"Cyprus",2012,2.757e+10
"Cyprus",2013,2.639e+10
"Cyprus",2014,2.590e+10
"Czech Rep.",1990,1.309e+11
"Czech Rep.",1991,1.195e+11
"Czech Rep.",1992,1.216e+11
"Czech Rep.",1993,1.246e+11
"Czech Rep.",1994,1.310e+11
"Czech Rep.",1995,1.420e+11
"Czech Rep.",1996,1.504e+11
"Czech Rep.",1997,1.517e+11
"Czech Rep.",1998,1.533e+11
"Czech Rep.",1999,1.576e+11
"Czech Rep.",2000,1.660e+11
"Czech Rep.",2001,1.795e+11
"Czech Rep.",2002,1.855e+11
"Czech Rep.",2003,1.980e+11
"Czech Rep.",2004,2.122e+11
"Czech Rep.",2005,2.242e+11
"Czech Rep.",2006,2.435e+11
"Czech Rep.",2007,2.690e+11
"Czech Rep.",2008,2.892e+11
"Czech Rep.",2009,2.882e+11
"Czech Rep.",2010,2.901e+11
"Czech Rep.",2011,3.023e+11
"Czech Rep.",2012,3.053e+11
"Czech Rep.",2013,3.205e+11
"Czech Rep.",2014,3.396e+11
"Dominican Rep.",1990,2.446e+10
"Dominican Rep.",1991,2.551e+10
"Dominican Rep.",1992,2.883e+10
"Dominican Rep.",1993,3.165e+10
"Dominican Rep.",1994,3.307e+10
"Dominican Rep.",1995,3.561e+10
"Dominican Rep.",1996,3.885e+10
"Dominican Rep.",1997,4.268e+10
"Dominican Rep.",1998,4.616e+10
"Dominican Rep.",1999,5.002e+10
"Dominican Rep.",2000,5.405e+10
"Dominican Rep.",2001,5.628e+10
"Dominican Rep.",2002,6.045e+10
"Dominican Rep.",2003,6.150e+10
"Dominican Rep.",2004,6.402e+10
"Dominican Rep.",2005,7.220e+10
"Dominican Rep.",2006,8.236e+10
"Dominican Rep.",2007,9.192e+10
"Dominican Rep.",2008,9.673e+10
"Dominican Rep.",2009,9.839e+10
"Dominican Rep.",2010,1.079e+11
"Dominican Rep.",2011,1.135e+11
"Dominican Rep.",2012,1.188e+11
"Dominican Rep.",2013,1.265e+11
"Dominican Rep.",2014,1.385e+11
"Ecuador",1990,4.935e+10
"Ecuador",1991,5.318e+10
"Ecuador",1992,5.554e+10
"Ecuador",1993,5.798e+10
"Ecuador",1994,6.174e+10
"Ecuador",1995,6.445e+10
"Ecuador",1996,6.676e+10
"Ecuador",1997,7.084e+10
"Ecuador",1998,7.395e+10
"Ecuador",1999,7.152e+10
"Ecuador",2000,7.395e+10
"Ecuador",2001,7.867e+10
"Ecuador",2002,8.315e+10
"Ecuador",2003,8.712e+10
"Ecuador",2004,9.686e+10
"Ecuador",2005,1.053e+11
"Ecuador",2006,1.133e+11
"Ecuador",2007,1.188e+11
"Ecuador",2008,1.289e+11
"Ecuador",2009,1.306e+11
"Ecuador",2010,1.368e+11
"Ecuador",2011,1.507e+11
"Ecuador",2012,1.621e+11
"Ecuador",2013,1.729e+11
"Ecuador",2014,1.826e+11
"Egypt",1990,2.193e+11
"Egypt",1991,2.290e+11
"Egypt",1992,2.446e+11
"Egypt",1993,2.577e+11
"Egypt",1994,2.736e+11
"Egypt",1995,2.923e+11
"Egypt",1996,3.125e+11
"Egypt",1997,3.353e+11
"Egypt",1998,3.526e+11
"Egypt",1999,3.799e+11
"Egypt",2000,4.094e+11
"Egypt",2001,4.335e+11
"Egypt",2002,4.506e+11
"Egypt",2003,4.743e+11
"Egypt",2004,5.072e+11
"Egypt",2005,5.470e+11
"Egypt",2006,6.025e+11
"Egypt",2007,6.623e+11
"Egypt",2008,7.237e+11
"Egypt",2009,7.632e+11
"Egypt",2010,8.123e+11
"Egypt",2011,8.438e+11
"Egypt",2012,8.784e+11
"Egypt",2013,9.121e+11
"Egypt",2014,9.556e+11
"El Salvador",1990,1.539e+10
"El Salvador",1991,1.647e+10
"El Salvador",1992,1.811e+10
"El Salvador",1993,1.991e+10
"El Salvador",1994,2.156e+10
"El Salvador",1995,2.342e+10
"El Salvador",1996,2.426e+10
"El Salvador",1997,2.572e+10
"El Salvador",1998,2.697e+10
"El Salvador",1999,2.833e+10
"El Salvador",2000,2.960e+10
"El Salvador",2001,3.079e+10
"El Salvador",2002,3.199e+10
"El Salvador",2003,3.338e+10
"El Salvador",2004,3.493e+10
"El Salvador",2005,3.734e+10
"El Salvador",2006,4.000e+10
"El Salvador",2007,4.264e+10
"El Salvador",2008,4.403e+10
"El Salvador",2009,4.297e+10
"El Salvador",2010,4.409e+10
"El Salvador",2011,4.600e+10
"El Salvador",2012,4.773e+10
"El Salvador",2013,4.939e+10
"El Salvador",2014,5.100e+10
"Estonia",1990,
"Estonia",1991,
"Estonia",1992,
"Estonia",1993,
"Estonia",1994,
"Estonia",1995,9.027e+09
"Estonia",1996,9.660e+09
"Estonia",1997,1.097e+10
"Estonia",1998,1.159e+10
"Estonia",1999,1.163e+10
"Estonia",2000,1.316e+10
"Estonia",2001,1.431e+10
"Estonia",2002,1.599e+10
"Estonia",2003,1.791e+10
"Estonia",2004,1.965e+10
"Estonia",2005,2.238e+10
"Estonia",2006,2.594e+10
"Estonia",2007,2.944e+10
"Estonia",2008,3.030e+10
"Estonia",2009,2.736e+10
"Estonia",2010,2.876e+10
"Estonia",2011,3.258e+10
"Estonia",2012,3.442e+10
"Estonia",2013,3.624e+10
"Estonia",2014,3.752e+10
"Ethiopia",1990,2.026e+10
"Ethiopia",1991,1.944e+10
"Ethiopia",1992,1.816e+10
"Ethiopia",1993,2.104e+10
"Ethiopia",1994,2.217e+10
"Ethiopia",1995,2.402e+10
"Ethiopia",1996,2.750e+10
"Ethiopia",1997,2.884e+10
"Ethiopia",1998,2.815e+10
"Ethiopia",1999,3.005e+10
"Ethiopia",2000,3.261e+10
"Ethiopia",2001,3.612e+10
"Ethiopia",2002,3.723e+10
"Ethiopia",2003,3.715e+10
"Ethiopia",2004,4.335e+10
"Ethiopia",2005,5.003e+10
"Ethiopia",2006,5.716e+10
"Ethiopia",2007,6.540e+10
"Ethiopia",2008,7.388e+10
"Ethiopia",2009,8.099e+10
"Ethiopia",2010,9.227e+10
"Ethiopia",2011,1.047e+11
"Ethiopia",2012,1.159e+11
"Ethiopia",2013,1.302e+11
"Ethiopia",2014,1.461e+11
"Finland",1990,9.055e+10
"Finland",1991,8.803e+10
"Finland",1992,8.704e+10
"Finland",1993,8.846e+10
"Finland",1994,9.390e+10
"Finland",1995,9.989e+10
"Finland",1996,1.028e+11
"Finland",1997,1.119e+11
"Finland",1998,1.213e+11
"Finland",1999,1.279e+11
"Finland",2000,1.385e+11
"Finland",2001,1.442e+11
"Finland",2002,1.486e+11
"Finland",2003,1.511e+11
"Finland",2004,1.627e+11
"Finland",2005,1.678e+11
"Finland",2006,1.810e+11
"Finland",2007,1.994e+11
"Finland",2008,2.124e+11
"Finland",2009,2.019e+11
"Finland",2010,2.080e+11
"Finland",2011,2.192e+11
"Finland",2012,2.199e+11
"Finland",2013,2.246e+11
"Finland",2014,2.265e+11
"France",1990,1.033e+12
"France",1991,1.078e+12
"France",1992,1.121e+12
"France",1993,1.140e+12
"France",1994,1.192e+12
"France",1995,1.242e+12
"France",1996,1.281e+12
"France",1997,1.340e+12
"France",1998,1.412e+12
"France",1999,1.478e+12
"France",2000,1.596e+12
"France",2001,1.696e+12
"France",2002,1.770e+12
"France",2003,1.759e+12
"France",2004,1.828e+12
"France",2005,1.934e+12
"France",2006,2.070e+12
"France",2007,2.187e+12
"France",2008,2.263e+12
"France",2009,2.247e+12
"France",2010,2.341e+12
"France",2011,2.448e+12
"France",2012,2.472e+12
"France",2013,2.606e+12
"France",2014,2.659e+12
"Georgia",1990,2.485e+10
"Georgia",1991,2.026e+10
"Georgia",1992,1.142e+10
"Georgia",1993,8.264e+09
"Georgia",1994,7.562e+09
"Georgia",1995,7.921e+09
"Georgia",1996,8.968e+09
"Georgia",1997,1.008e+10
"Georgia",1998,1.051e+10
"Georgia",1999,1.097e+10
"Georgia",2000,1.143e+10
"Georgia",2001,1.225e+10
"Georgia",2002,1.312e+10
"Georgia",2003,1.486e+10
"Georgia",2004,1.617e+10
"Georgia",2005,1.829e+10
"Georgia",2006,2.062e+10
"Georgia",2007,2.378e+10
"Georgia",2008,2.481e+10
"Georgia",2009,2.408e+10
"Georgia",2010,2.590e+10
"Georgia",2011,2.835e+10
"Georgia",2012,3.070e+10
"Georgia",2013,3.225e+10
"Georgia",2014,3.435e+10
"Germany",1990,1.544e+12
"Germany",1991,1.676e+12
"Germany",1992,1.748e+12
"Germany",1993,1.772e+12
"Germany",1994,1.854e+12
"Germany",1995,1.926e+12
"Germany",1996,1.975e+12
"Germany",1997,2.021e+12
"Germany",1998,2.082e+12
"Germany",1999,2.164e+12
"Germany",2000,2.244e+12
"Germany",2001,2.347e+12
"Germany",2002,2.419e+12
"Germany",2003,2.475e+12
"Germany",2004,2.593e+12
"Germany",2005,2.636e+12
"Germany",2006,2.821e+12
"Germany",2007,2.998e+12
"Germany",2008,3.123e+12
"Germany",2009,3.033e+12
"Germany",2010,3.208e+12
"Germany",2011,3.427e+12
"Germany",2012,3.504e+12
"Germany",2013,3.648e+12
"Germany",2014,3.814e+12
"Ghana",1990,1.815e+10
"Ghana",1991,1.974e+10
"Ghana",1992,2.098e+10
"Ghana",1993,2.252e+10
"Ghana",1994,2.376e+10
"Ghana",1995,2.525e+10
"Ghana",1996,2.689e+10
"Ghana",1997,2.850e+10
"Ghana",1998,3.016e+10
"Ghana",1999,3.197e+10
"Ghana",2000,3.391e+10
"Ghana",2001,3.607e+10
"Ghana",2002,3.827e+10
"Ghana",2003,4.107e+10
"Ghana",2004,4.456e+10
"Ghana",2005,4.871e+10
"Ghana",2006,5.342e+10
"Ghana",2007,5.722e+10
"Ghana",2008,6.368e+10
"Ghana",2009,6.727e+10
"Ghana",2010,7.348e+10
"Ghana",2011,8.553e+10
"Ghana",2012,9.520e+10
"Ghana",2013,1.038e+11
"Ghana",2014,1.099e+11
"Great Britain",1990,9.695e+11
"Great Britain",1991,9.908e+11
"Great Britain",1992,1.017e+12
"Great Britain",1993,1.068e+12
"Great Britain",1994,1.133e+12
"Great Britain",1995,1.185e+12
"Great Britain",1996,1.265e+12
"Great Britain",1997,1.337e+12
"Great Britain",1998,1.372e+12
"Great Britain",1999,1.418e+12
"Great Britain",2000,1.546e+12
"Great Britain",2001,1.624e+12
"Great Britain",2002,1.710e+12
"Great Britain",2003,1.792e+12
"Great Britain",2004,1.904e+12
"Great Britain",2005,1.959e+12
"Great Britain",2006,2.099e+12
"Great Britain",2007,2.164e+12
"Great Britain",2008,2.241e+12
"Great Britain",2009,2.154e+12
"Great Britain",2010,2.252e+12
"Great Britain",2011,2.316e+12
"Great Britain",2012,2.402e+12
"Great Britain",2013,2.521e+12
"Great Britain",2014,2.630e+12
"Guatemala",1990,3.054e+10
"Guatemala",1991,3.271e+10
"Guatemala",1992,3.508e+10
"Guatemala",1993,3.732e+10
"Guatemala",1994,3.965e+10
"Guatemala",1995,4.248e+10
"Guatemala",1996,4.454e+10
"Guatemala",1997,4.728e+10
"Guatemala",1998,5.018e+10
"Guatemala",1999,5.290e+10
"Guatemala",2000,5.606e+10
"Guatemala",2001,5.868e+10
"Guatemala",2002,6.188e+10
"Guatemala",2003,6.471e+10
"Guatemala",2004,6.859e+10
"Guatemala",2005,7.310e+10
"Guatemala",2006,7.940e+10
"Guatemala",2007,8.665e+10
"Guatemala",2008,9.125e+10
"Guatemala",2009,9.243e+10
"Guatemala",2010,9.624e+10
"Guatemala",2011,1.023e+11
"Guatemala",2012,1.073e+11
"Guatemala",2013,1.131e+11
"Guatemala",2014,1.199e+11
"Hong Kong",1990,9.945e+10
"Hong Kong",1991,1.086e+11
"Hong Kong",1992,1.180e+11
"Hong Kong",1993,1.283e+11
"Hong Kong",1994,1.390e+11
"Hong Kong",1995,1.452e+11
"Hong Kong",1996,1.542e+11
"Hong Kong",1997,1.648e+11
"Hong Kong",1998,1.568e+11
"Hong Kong",1999,1.632e+11
"Hong Kong",2000,1.797e+11
"Hong Kong",2001,1.848e+11
"Hong Kong",2002,1.908e+11
"Hong Kong",2003,2.005e+11
"Hong Kong",2004,2.240e+11
"Hong Kong",2005,2.483e+11
"Hong Kong",2006,2.739e+11
"Hong Kong",2007,2.993e+11
"Hong Kong",2008,3.117e+11
"Hong Kong",2009,3.064e+11
"Hong Kong",2010,3.311e+11
"Hong Kong",2011,3.542e+11
"Hong Kong",2012,3.668e+11
"Hong Kong",2013,3.843e+11
"Hong Kong",2014,4.020e+11
"Hungary",1990,
"Hungary",1991,8.622e+10
"Hungary",1992,8.548e+10
"Hungary",1993,8.701e+10
"Hungary",1994,9.148e+10
"Hungary",1995,9.478e+10
"Hungary",1996,9.629e+10
"Hungary",1997,1.010e+11
"Hungary",1998,1.068e+11
"Hungary",1999,1.115e+11
"Hungary",2000,1.213e+11
"Hungary",2001,1.349e+11
"Hungary",2002,1.478e+11
"Hungary",2003,1.567e+11
"Hungary",2004,1.643e+11
"Hungary",2005,1.723e+11
"Hungary",2006,1.843e+11
"Hungary",2007,1.913e+11
"Hungary",2008,2.076e+11
"Hungary",2009,2.069e+11
"Hungary",2010,2.156e+11
"Hungary",2011,2.278e+11
"Hungary",2012,2.291e+11
"Hungary",2013,2.420e+11
"Hungary",2014,2.518e+11
"India",1990,9.869e+11
"India",1991,1.031e+12
"India",1992,1.112e+12
"India",1993,1.192e+12
"India",1994,1.299e+12
"India",1995,1.426e+12
"India",1996,1.562e+12
"India",1997,1.653e+12
"India",1998,1.774e+12
"India",1999,1.961e+12
"India",2000,2.083e+12
"India",2001,2.233e+12
"India",2002,2.353e+12
"India",2003,2.589e+12
"India",2004,2.871e+12
"India",2005,3.238e+12
"India",2006,3.647e+12
"India",2007,4.111e+12
"India",2008,4.355e+12
"India",2009,4.760e+12
"India",2010,5.312e+12
"India",2011,5.782e+12
"India",2012,6.210e+12
"India",2013,6.713e+12
"India",2014,7.346e+12
"Indonesia",1990,5.424e+11
"Indonesia",1991,5.992e+11
"Indonesia",1992,6.527e+11
"Indonesia",1993,7.116e+11
"Indonesia",1994,7.816e+11
"Indonesia",1995,8.635e+11
"Indonesia",1996,9.480e+11
"Indonesia",1997,1.009e+12
"Indonesia",1998,8.865e+11
"Indonesia",1999,9.072e+11
"Indonesia",2000,9.735e+11
"Indonesia",2001,1.032e+12
"Indonesia",2002,1.095e+12
"Indonesia",2003,1.170e+12
"Indonesia",2004,1.263e+12
"Indonesia",2005,1.378e+12
"Indonesia",2006,1.498e+12
"Indonesia",2007,1.636e+12
"Indonesia",2008,1.768e+12
"Indonesia",2009,1.864e+12
"Indonesia",2010,2.004e+12
"Indonesia",2011,2.172e+12
"Indonesia",2012,2.345e+12
"Indonesia",2013,2.515e+12
"Indonesia",2014,2.688e+12
"Iran",1990,4.003e+11
"Iran",1991,4.662e+11
"Iran",1992,4.926e+11
"Iran",1993,4.969e+11
"Iran",1994,4.988e+11
"Iran",1995,5.215e+11
"Iran",1996,5.647e+11
"Iran",1997,5.821e+11
"Iran",1998,6.007e+11
"Iran",1999,6.221e+11
"Iran",2000,6.734e+11
"Iran",2001,7.052e+11
"Iran",2002,7.739e+11
"Iran",2003,8.575e+11
"Iran",2004,9.193e+11
"Iran",2005,9.792e+11
"Iran",2006,1.060e+12
"Iran",2007,1.177e+12
"Iran",2008,1.203e+12
"Iran",2009,1.224e+12
"Iran",2010,1.311e+12
"Iran",2011,1.373e+12
"Iran",2012,1.295e+12
"Iran",2013,1.313e+12
"Iran",2014,1.398e+12
"Iraq",1990,1.301e+11
"Iraq",1991,4.833e+10
"Iraq",1992,6.554e+10
"Iraq",1993,8.742e+10
"Iraq",1994,9.272e+10
"Iraq",1995,9.667e+10
"Iraq",1996,1.093e+11
"Iraq",1997,1.348e+11
"Iraq",1998,1.837e+11
"Iraq",1999,2.193e+11
"Iraq",2000,2.274e+11
"Iraq",2001,2.380e+11
"Iraq",2002,2.250e+11
"Iraq",2003,1.535e+11
"Iraq",2004,2.431e+11
"Iraq",2005,2.620e+11
"Iraq",2006,2.975e+11
"Iraq",2007,3.096e+11
"Iraq",2008,3.417e+11
"Iraq",2009,3.559e+11
"Iraq",2010,3.833e+11
"Iraq",2011,4.208e+11
"Iraq",2012,4.882e+11
"Iraq",2013,5.287e+11
"Iraq",2014,5.420e+11
"Israel",1990,7.013e+10
"Israel",1991,7.806e+10
"Israel",1992,8.603e+10
"Israel",1993,9.171e+10
"Israel",1994,1.006e+11
"Israel",1995,1.095e+11
"Israel",1996,1.182e+11
"Israel",1997,1.251e+11
"Israel",1998,1.317e+11
"Israel",1999,1.384e+11
"Israel",2000,1.568e+11
"Israel",2001,1.605e+11
"Israel",2002,1.657e+11
"Israel",2003,1.592e+11
"Israel",2004,1.718e+11
"Israel",2005,1.720e+11
"Israel",2006,1.811e+11
"Israel",2007,1.974e+11
"Israel",2008,2.003e+11
"Israel",2009,2.058e+11
"Israel",2010,2.198e+11
"Israel",2011,2.373e+11
"Israel",2012,2.508e+11
"Israel",2013,2.751e+11
"Israel",2014,2.800e+11
"Italy",1990,1.053e+12
"Italy",1991,1.104e+12
"Italy",1992,1.139e+12
"Italy",1993,1.156e+12
"Italy",1994,1.206e+12
"Italy",1995,1.267e+12
"Italy",1996,1.306e+12
"Italy",1997,1.354e+12
"Italy",1998,1.418e+12
"Italy",1999,1.453e+12
"Italy",2000,1.539e+12
"Italy",2001,1.593e+12
"Italy",2002,1.634e+12
"Italy",2003,1.667e+12
"Italy",2004,1.699e+12
"Italy",2005,1.742e+12
"Italy",2006,1.880e+12
"Italy",2007,1.986e+12
"Italy",2008,2.083e+12
"Italy",2009,2.039e+12
"Italy",2010,2.077e+12
"Italy",2011,2.158e+12
"Italy",2012,2.158e+12
"Italy",2013,2.176e+12
"Italy",2014,2.193e+12
"Japan",1990,2.407e+12
"Japan",1991,2.569e+12
"Japan",1992,2.649e+12
"Japan",1993,2.717e+12
"Japan",1994,2.799e+12
"Japan",1995,2.936e+12
"Japan",1996,3.082e+12
"Japan",1997,3.168e+12
"Japan",1998,3.167e+12
"Japan",1999,3.207e+12
"Japan",2000,3.404e+12
"Japan",2001,3.496e+12
"Japan",2002,3.589e+12
"Japan",2003,3.694e+12
"Japan",2004,3.879e+12
"Japan",2005,4.046e+12
"Japan",2006,4.232e+12
"Japan",2007,4.416e+12
"Japan",2008,4.456e+12
"Japan",2009,4.250e+12
"Japan",2010,4.482e+12
"Japan",2011,4.573e+12
"Japan",2012,4.747e+12
"Japan",2013,4.967e+12
"Japan",2014,4.987e+12
"Jordan",1990,1.446e+10
"Jordan",1991,1.521e+10
"Jordan",1992,1.846e+10
"Jordan",1993,1.978e+10
"Jordan",1994,2.121e+10
"Jordan",1995,2.299e+10
"Jordan",1996,2.390e+10
"Jordan",1997,2.511e+10
"Jordan",1998,2.614e+10
"Jordan",1999,2.745e+10
"Jordan",2000,2.926e+10
"Jordan",2001,3.151e+10
"Jordan",2002,3.384e+10
"Jordan",2003,3.595e+10
"Jordan",2004,4.011e+10
"Jordan",2005,4.477e+10
"Jordan",2006,4.988e+10
"Jordan",2007,5.539e+10
"Jordan",2008,6.057e+10
"Jordan",2009,6.437e+10
"Jordan",2010,6.666e+10
"Jordan",2011,6.980e+10
"Jordan",2012,7.297e+10
"Jordan",2013,7.624e+10
"Jordan",2014,8.001e+10
"Kazakhstan",1990,1.379e+11
"Kazakhstan",1991,1.268e+11
"Kazakhstan",1992,1.228e+11
"Kazakhstan",1993,1.142e+11
"Kazakhstan",1994,1.019e+11
"Kazakhstan",1995,9.551e+10
"Kazakhstan",1996,9.774e+10
"Kazakhstan",1997,1.011e+11
"Kazakhstan",1998,1.003e+11
"Kazakhstan",1999,1.045e+11
"Kazakhstan",2000,1.174e+11
"Kazakhstan",2001,1.363e+11
"Kazakhstan",2002,1.519e+11
"Kazakhstan",2003,1.694e+11
"Kazakhstan",2004,1.907e+11
"Kazakhstan",2005,2.160e+11
"Kazakhstan",2006,2.464e+11
"Kazakhstan",2007,2.755e+11
"Kazakhstan",2008,2.902e+11
"Kazakhstan",2009,2.959e+11
"Kazakhstan",2010,3.214e+11
"Kazakhstan",2011,3.523e+11
"Kazakhstan",2012,3.760e+11
"Kazakhstan",2013,4.050e+11
"Kazakhstan",2014,4.296e+11
"Kuwait",1990,
"Kuwait",1991,
"Kuwait",1992,5.850e+10
"Kuwait",1993,8.026e+10
"Kuwait",1994,8.888e+10
"Kuwait",1995,9.514e+10
"Kuwait",1996,9.746e+10
"Kuwait",1997,1.016e+11
"Kuwait",1998,1.064e+11
"Kuwait",1999,1.061e+11
"Kuwait",2000,1.137e+11
"Kuwait",2001,1.171e+11
"Kuwait",2002,1.225e+11
"Kuwait",2003,1.465e+11
"Kuwait",2004,1.668e+11
"Kuwait",2005,1.895e+11
"Kuwait",2006,2.100e+11
"Kuwait",2007,2.285e+11
"Kuwait",2008,2.387e+11
"Kuwait",2009,2.235e+11
"Kuwait",2010,2.209e+11
"Kuwait",2011,2.472e+11
"Kuwait",2012,2.684e+11
"Kuwait",2013,2.759e+11
"Kuwait",2014,2.822e+11
"Kyrgyzstan",1990,9.862e+09
"Kyrgyzstan",1991,9.390e+09
"Kyrgyzstan",1992,8.270e+09
"Kyrgyzstan",1993,7.158e+09
"Kyrgyzstan",1994,5.842e+09
"Kyrgyzstan",1995,5.640e+09
"Kyrgyzstan",1996,6.150e+09
"Kyrgyzstan",1997,6.876e+09
"Kyrgyzstan",1998,7.098e+09
"Kyrgyzstan",1999,7.470e+09
"Kyrgyzstan",2000,8.054e+09
"Kyrgyzstan",2001,8.676e+09
"Kyrgyzstan",2002,8.808e+09
"Kyrgyzstan",2003,9.615e+09
"Kyrgyzstan",2004,1.057e+10
"Kyrgyzstan",2005,1.090e+10
"Kyrgyzstan",2006,1.158e+10
"Kyrgyzstan",2007,1.290e+10
"Kyrgyzstan",2008,1.426e+10
"Kyrgyzstan",2009,1.478e+10
"Kyrgyzstan",2010,1.489e+10
"Kyrgyzstan",2011,1.611e+10
"Kyrgyzstan",2012,1.639e+10
"Kyrgyzstan",2013,1.847e+10
"Kyrgyzstan",2014,1.956e+10
"Latvia",1990,
"Latvia",1991,
"Latvia",1992,
"Latvia",1993,
"Latvia",1994,
"Latvia",1995,1.369e+10
"Latvia",1996,1.424e+10
"Latvia",1997,1.577e+10
"Latvia",1998,1.704e+10
"Latvia",1999,1.770e+10
"Latvia",2000,1.898e+10
"Latvia",2001,2.113e+10
"Latvia",2002,2.326e+10
"Latvia",2003,2.523e+10
"Latvia",2004,2.765e+10
"Latvia",2005,3.100e+10
"Latvia",2006,3.495e+10
"Latvia",2007,3.988e+10
"Latvia",2008,4.231e+10
"Latvia",2009,3.613e+10
"Latvia",2010,3.687e+10
"Latvia",2011,4.073e+10
"Latvia",2012,4.323e+10
"Latvia",2013,4.564e+10
"Latvia",2014,4.747e+10
"Lebanon",1990,1.373e+10
"Lebanon",1991,1.960e+10
"Lebanon",1992,2.095e+10
"Lebanon",1993,2.295e+10
"Lebanon",1994,2.532e+10
"Lebanon",1995,2.753e+10
"Lebanon",1996,2.948e+10
"Lebanon",1997,2.930e+10
"Lebanon",1998,3.068e+10
"Lebanon",1999,3.101e+10
"Lebanon",2000,3.214e+10
"Lebanon",2001,3.414e+10
"Lebanon",2002,3.585e+10
"Lebanon",2003,3.774e+10
"Lebanon",2004,4.107e+10
"Lebanon",2005,4.355e+10
"Lebanon",2006,4.559e+10
"Lebanon",2007,5.118e+10
"Lebanon",2008,5.765e+10
"Lebanon",2009,6.393e+10
"Lebanon",2010,6.991e+10
"Lebanon",2011,7.201e+10
"Lebanon",2012,7.539e+10
"Lebanon",2013,7.863e+10
"Lebanon",2014,8.164e+10
"Libya",1990,
"Libya",1991,
"Libya",1992,
"Libya",1993,
"Libya",1994,
"Libya",1995,
"Libya",1996,
"Libya",1997,
"Libya",1998,
"Libya",1999,8.776e+10
"Libya",2000,9.306e+10
"Libya",2001,9.350e+10
"Libya",2002,9.403e+10
"Libya",2003,1.084e+11
"Libya",2004,1.163e+11
"Libya",2005,1.343e+11
"Libya",2006,1.475e+11
"Libya",2007,1.610e+11
"Libya",2008,1.685e+11
"Libya",2009,1.685e+11
"Libya",2010,1.791e+11
"Libya",2011,6.932e+10
"Libya",2012,
"Libya",2013,
"Libya",2014,
"Lithuania",1990,
"Lithuania",1991,
"Lithuania",1992,
"Lithuania",1993,
"Lithuania",1994,
"Lithuania",1995,2.150e+10
"Lithuania",1996,2.297e+10
"Lithuania",1997,2.526e+10
"Lithuania",1998,2.753e+10
"Lithuania",1999,2.757e+10
"Lithuania",2000,2.959e+10
"Lithuania",2001,3.283e+10
"Lithuania",2002,3.613e+10
"Lithuania",2003,4.121e+10
"Lithuania",2004,4.402e+10
"Lithuania",2005,4.826e+10
"Lithuania",2006,5.391e+10
"Lithuania",2007,6.169e+10
"Lithuania",2008,6.634e+10
"Lithuania",2009,5.738e+10
"Lithuania",2010,6.229e+10
"Lithuania",2011,6.921e+10
"Lithuania",2012,7.367e+10
"Lithuania",2013,7.885e+10
"Lithuania",2014,8.262e+10
"Macedonia",1990,1.049e+10
"Macedonia",1991,1.017e+10
"Macedonia",1992,9.723e+09
"Macedonia",1993,9.211e+09
"Macedonia",1994,9.241e+09
"Macedonia",1995,9.329e+09
"Macedonia",1996,9.612e+09
"Macedonia",1997,9.917e+09
"Macedonia",1998,1.039e+10
"Macedonia",1999,1.098e+10
"Macedonia",2000,1.247e+10
"Macedonia",2001,1.233e+10
"Macedonia",2002,1.292e+10
"Macedonia",2003,1.335e+10
"Macedonia",2004,1.457e+10
"Macedonia",2005,1.599e+10
"Macedonia",2006,1.771e+10
"Macedonia",2007,1.909e+10
"Macedonia",2008,2.154e+10
"Macedonia",2009,2.258e+10
"Macedonia",2010,2.337e+10
"Macedonia",2011,2.406e+10
"Macedonia",2012,2.456e+10
"Macedonia",2013,2.627e+10
"Macedonia",2014,2.778e+10
"Malaysia",1990,1.230e+11
"Malaysia",1991,1.392e+11
"Malaysia",1992,1.551e+11
"Malaysia",1993,1.745e+11
"Malaysia",1994,1.946e+11
"Malaysia",1995,2.182e+11
"Malaysia",1996,2.444e+11
"Malaysia",1997,2.668e+11
"Malaysia",1998,2.498e+11
"Malaysia",1999,2.692e+11
"Malaysia",2000,2.997e+11
"Malaysia",2001,3.082e+11
"Malaysia",2002,3.298e+11
"Malaysia",2003,3.558e+11
"Malaysia",2004,3.904e+11
"Malaysia",2005,4.244e+11
"Malaysia",2006,4.619e+11
"Malaysia",2007,5.189e+11
"Malaysia",2008,5.466e+11
"Malaysia",2009,5.369e+11
"Malaysia",2010,5.814e+11
"Malaysia",2011,6.248e+11
"Malaysia",2012,6.711e+11
"Malaysia",2013,7.140e+11
"Malaysia",2014,7.704e+11
"Mali",1990,6.958e+09
"Mali",1991,8.034e+09
"Mali",1992,7.953e+09
"Mali",1993,8.401e+09
"Mali",1994,8.904e+09
"Mali",1995,9.173e+09
"Mali",1996,1.000e+10
"Mali",1997,1.066e+10
"Mali",1998,1.159e+10
"Mali",1999,1.244e+10
"Mali",2000,1.272e+10
"Mali",2001,1.501e+10
"Mali",2002,1.571e+10
"Mali",2003,1.749e+10
"Mali",2004,1.825e+10
"Mali",2005,2.006e+10
"Mali",2006,2.165e+10
"Mali",2007,2.300e+10
"Mali",2008,2.457e+10
"Mali",2009,2.591e+10
"Mali",2010,2.765e+10
"Mali",2011,2.913e+10
"Mali",2012,2.942e+10
"Mali",2013,3.059e+10
"Mali",2014,3.333e+10
"Mexico",1990,5.153e+11
"Mexico",1991,5.549e+11
"Mexico",1992,5.882e+11
"Mexico",1993,7.674e+11
"Mexico",1994,8.204e+11
"Mexico",1995,7.534e+11
"Mexico",1996,8.029e+11
"Mexico",1997,8.742e+11
"Mexico",1998,9.232e+11
"Mexico",1999,9.833e+11
"Mexico",2000,1.061e+12
"Mexico",2001,1.074e+12
"Mexico",2002,1.093e+12
"Mexico",2003,1.132e+12
"Mexico",2004,1.212e+12
"Mexico",2005,1.325e+12
"Mexico",2006,1.464e+12
"Mexico",2007,1.552e+12
"Mexico",2008,1.641e+12
"Mexico",2009,1.628e+12
"Mexico",2010,1.732e+12
"Mexico",2011,1.896e+12
"Mexico",2012,1.988e+12
"Mexico",2013,2.044e+12
"Mexico",2014,2.145e+12
"Moldova",1990,
"Moldova",1991,
"Moldova",1992,
"Moldova",1993,
"Moldova",1994,
"Moldova",1995,6.981e+09
"Moldova",1996,6.691e+09
"Moldova",1997,6.918e+09
"Moldova",1998,6.535e+09
"Moldova",1999,6.412e+09
"Moldova",2000,6.696e+09
"Moldova",2001,7.266e+09
"Moldova",2002,7.953e+09
"Moldova",2003,8.647e+09
"Moldova",2004,9.542e+09
"Moldova",2005,1.059e+10
"Moldova",2006,1.144e+10
"Moldova",2007,1.209e+10
"Moldova",2008,1.329e+10
"Moldova",2009,1.259e+10
"Moldova",2010,1.365e+10
"Moldova",2011,1.488e+10
"Moldova",2012,1.505e+10
"Moldova",2013,1.673e+10
"Moldova",2014,1.784e+10
"Montenegro",1990,
"Montenegro",1991,
"Montenegro",1992,
"Montenegro",1993,
"Montenegro",1994,
"Montenegro",1995,
"Montenegro",1996,
"Montenegro",1997,
"Montenegro",1998,
"Montenegro",1999,
"Montenegro",2000,3.631e+09
"Montenegro",2001,4.117e+09
"Montenegro",2002,4.329e+09
"Montenegro",2003,4.489e+09
"Montenegro",2004,4.807e+09
"Montenegro",2005,5.107e+09
"Montenegro",2006,6.365e+09
"Montenegro",2007,7.640e+09
"Montenegro",2008,8.524e+09
"Montenegro",2009,8.052e+09
"Montenegro",2010,8.454e+09
"Montenegro",2011,8.974e+09
"Montenegro",2012,8.604e+09
"Montenegro",2013,9.237e+09
"Montenegro",2014,9.558e+09
"Morocco",1990,6.346e+10
"Morocco",1991,7.030e+10
"Morocco",1992,7.039e+10
"Morocco",1993,7.153e+10
"Morocco",1994,8.079e+10
"Morocco",1995,7.802e+10
"Morocco",1996,8.927e+10
"Morocco",1997,8.938e+10
"Morocco",1998,9.689e+10
"Morocco",1999,9.944e+10
"Morocco",2000,1.036e+11
"Morocco",2001,1.138e+11
"Morocco",2002,1.191e+11
"Morocco",2003,1.287e+11
"Morocco",2004,1.386e+11
"Morocco",2005,1.478e+11
"Morocco",2006,1.639e+11
"Morocco",2007,1.742e+11
"Morocco",2008,1.881e+11
"Morocco",2009,1.976e+11
"Morocco",2010,2.076e+11
"Morocco",2011,2.230e+11
"Morocco",2012,2.340e+11
"Morocco",2013,2.485e+11
"Morocco",2014,2.598e+11
"Netherlands",1990,2.827e+11
"Netherlands",1991,2.993e+11
"Netherlands",1992,3.113e+11
"Netherlands",1993,3.227e+11
"Netherlands",1994,3.394e+11
"Netherlands",1995,3.572e+11
"Netherlands",1996,3.761e+11
"Netherlands",1997,4.014e+11
"Netherlands",1998,4.294e+11
"Netherlands",1999,4.577e+11
"Netherlands",2000,5.031e+11
"Netherlands",2001,5.273e+11
"Netherlands",2002,5.489e+11
"Netherlands",2003,5.468e+11
"Netherlands",2004,5.768e+11
"Netherlands",2005,6.082e+11
"Netherlands",2006,6.637e+11
"Netherlands",2007,7.121e+11
"Netherlands",2008,7.539e+11
"Netherlands",2009,7.280e+11
"Netherlands",2010,7.401e+11
"Netherlands",2011,7.690e+11
"Netherlands",2012,7.826e+11
"Netherlands",2013,8.178e+11
"Netherlands",2014,8.197e+11
"New Zealand",1990,4.950e+10
"New Zealand",1991,5.090e+10
"New Zealand",1992,5.267e+10
"New Zealand",1993,5.700e+10
"New Zealand",1994,6.186e+10
"New Zealand",1995,6.577e+10
"New Zealand",1996,6.892e+10
"New Zealand",1997,7.235e+10
"New Zealand",1998,7.374e+10
"New Zealand",1999,7.892e+10
"New Zealand",2000,8.298e+10
"New Zealand",2001,8.738e+10
"New Zealand",2002,9.203e+10
"New Zealand",2003,9.651e+10
"New Zealand",2004,1.025e+11
"New Zealand",2005,1.061e+11
"New Zealand",2006,1.162e+11
"New Zealand",2007,1.241e+11
"New Zealand",2008,1.272e+11
"New Zealand",2009,1.321e+11
"New Zealand",2010,1.360e+11
"New Zealand",2011,1.435e+11
"New Zealand",2012,1.454e+11
"New Zealand",2013,1.607e+11
"New Zealand",2014,1.679e+11
"Nigeria",1990,1.873e+11
"Nigeria",1991,1.923e+11
"Nigeria",1992,1.976e+11
"Nigeria",1993,2.065e+11
"Nigeria",1994,2.128e+11
"Nigeria",1995,2.166e+11
"Nigeria",1996,2.315e+11
"Nigeria",1997,2.421e+11
"Nigeria",1998,2.514e+11
"Nigeria",1999,2.564e+11
"Nigeria",2000,2.762e+11
"Nigeria",2001,2.950e+11
"Nigeria",2002,3.108e+11
"Nigeria",2003,3.499e+11
"Nigeria",2004,4.807e+11
"Nigeria",2005,5.133e+11
"Nigeria",2006,5.725e+11
"Nigeria",2007,6.279e+11
"Nigeria",2008,6.804e+11
"Nigeria",2009,7.331e+11
"Nigeria",2010,8.002e+11
"Nigeria",2011,8.566e+11
"Nigeria",2012,9.097e+11
"Nigeria",2013,9.743e+11
"Nigeria",2014,1.054e+12
"Norway",1990,7.822e+10
"Norway",1991,8.332e+10
"Norway",1992,8.826e+10
"Norway",1993,9.294e+10
"Norway",1994,9.971e+10
"Norway",1995,1.060e+11
"Norway",1996,1.174e+11
"Norway",1997,1.260e+11
"Norway",1998,1.248e+11
"Norway",1999,1.363e+11
"Norway",2000,1.659e+11
"Norway",2001,1.707e+11
"Norway",2002,1.723e+11
"Norway",2003,1.759e+11
"Norway",2004,1.952e+11
"Norway",2005,2.209e+11
"Norway",2006,2.521e+11
"Norway",2007,2.632e+11
"Norway",2008,2.945e+11
"Norway",2009,2.676e+11
"Norway",2010,2.837e+11
"Norway",2011,3.078e+11
"Norway",2012,3.285e+11
"Norway",2013,3.406e+11
"Norway",2014,3.391e+11
"Pakistan",1990,2.126e+11
"Pakistan",1991,2.308e+11
"Pakistan",1992,2.543e+11
"Pakistan",1993,2.649e+11
"Pakistan",1994,2.806e+11
"Pakistan",1995,3.007e+11
"Pakistan",1996,3.210e+11
"Pakistan",1997,3.298e+11
"Pakistan",1998,3.419e+11
"Pakistan",1999,3.599e+11
"Pakistan",2000,3.837e+11
"Pakistan",2001,4.003e+11
"Pakistan",2002,4.195e+11
"Pakistan",2003,4.486e+11
"Pakistan",2004,4.949e+11
"Pakistan",2005,5.500e+11
"Pakistan",2006,6.019e+11
"Pakistan",2007,6.478e+11
"Pakistan",2008,6.717e+11
"Pakistan",2009,6.960e+11
"Pakistan",2010,7.158e+11
"Pakistan",2011,7.507e+11
"Pakistan",2012,7.913e+11
"Pakistan",2013,8.395e+11
"Pakistan",2014,8.945e+11
"Palestine",1990,
"Palestine",1991,
"Palestine",1992,
"Palestine",1993,
"Palestine",1994,
"Palestine",1995,
"Palestine",1996,
"Palestine",1997,
"Palestine",1998,
"Palestine",1999,
"Palestine",2000,
"Palestine",2001,
"Palestine",2002,
"Palestine",2003,
"Palestine",2004,
"Palestine",2005,
"Palestine",2006,
"Palestine",2007,
"Palestine",2008,
"Palestine",2009,
"Palestine",2010,
"Palestine",2011,
"Palestine",2012,
"Palestine",2013,
"Palestine",2014,
"Peru",1990,7.495e+10
"Peru",1991,7.916e+10
"Peru",1992,8.053e+10
"Peru",1993,8.677e+10
"Peru",1994,9.952e+10
"Peru",1995,1.091e+11
"Peru",1996,1.142e+11
"Peru",1997,1.237e+11
"Peru",1998,1.246e+11
"Peru",1999,1.284e+11
"Peru",2000,1.348e+11
"Peru",2001,1.387e+11
"Peru",2002,1.486e+11
"Peru",2003,1.578e+11
"Peru",2004,1.702e+11
"Peru",2005,1.867e+11
"Peru",2006,2.070e+11
"Peru",2007,2.306e+11
"Peru",2008,2.565e+11
"Peru",2009,2.613e+11
"Peru",2010,2.865e+11
"Peru",2011,3.110e+11
"Peru",2012,3.361e+11
"Peru",2013,3.616e+11
"Peru",2014,3.767e+11
"Philippines",1990,1.606e+11
"Philippines",1991,1.649e+11
"Philippines",1992,1.693e+11
"Philippines",1993,1.770e+11
"Philippines",1994,1.887e+11
"Philippines",1995,2.016e+11
"Philippines",1996,2.173e+11
"Philippines",1997,2.325e+11
"Philippines",1998,2.336e+11
"Philippines",1999,2.445e+11
"Philippines",2000,2.611e+11
"Philippines",2001,2.748e+11
"Philippines",2002,2.892e+11
"Philippines",2003,3.096e+11
"Philippines",2004,3.394e+11
"Philippines",2005,3.671e+11
"Philippines",2006,3.982e+11
"Philippines",2007,4.359e+11
"Philippines",2008,4.629e+11
"Philippines",2009,4.718e+11
"Philippines",2010,5.140e+11
"Philippines",2011,5.438e+11
"Philippines",2012,5.908e+11
"Philippines",2013,6.428e+11
"Philippines",2014,6.945e+11
"Poland",1990,2.355e+11
"Poland",1991,2.262e+11
"Poland",1992,2.372e+11
"Poland",1993,2.520e+11
"Poland",1994,2.709e+11
"Poland",1995,2.958e+11
"Poland",1996,3.188e+11
"Poland",1997,3.447e+11
"Poland",1998,3.659e+11
"Poland",1999,3.875e+11
"Poland",2000,4.075e+11
"Poland",2001,4.250e+11
"Poland",2002,4.504e+11
"Poland",2003,4.682e+11
"Poland",2004,5.096e+11
"Poland",2005,5.303e+11
"Poland",2006,5.776e+11
"Poland",2007,6.399e+11
"Poland",2008,6.981e+11
"Poland",2009,7.342e+11
"Poland",2010,8.015e+11
"Poland",2011,8.698e+11
"Poland",2012,9.072e+11
"Poland",2013,9.403e+11
"Poland",2014,9.732e+11
"Puerto Rico",1990,5.081e+10
"Puerto Rico",1991,5.371e+10
"Puerto Rico",1992,5.745e+10
"Puerto Rico",1993,6.154e+10
"Puerto Rico",1994,6.549e+10
"Puerto Rico",1995,6.989e+10
"Puerto Rico",1996,7.281e+10
"Puerto Rico",1997,7.768e+10
"Puerto Rico",1998,8.286e+10
"Puerto Rico",1999,8.866e+10
"Puerto Rico",2000,9.365e+10
"Puerto Rico",2001,1.018e+11
"Puerto Rico",2002,1.043e+11
"Puerto Rico",2003,1.065e+11
"Puerto Rico",2004,1.190e+11
"Puerto Rico",2005,1.204e+11
"Puerto Rico",2006,1.223e+11
"Puerto Rico",2007,1.241e+11
"Puerto Rico",2008,1.242e+11
"Puerto Rico",2009,1.227e+11
"Puerto Rico",2010,1.237e+11
"Puerto Rico",2011,1.258e+11
"Puerto Rico",2012,1.282e+11
"Puerto Rico",2013,1.298e+11
"Puerto Rico",2014,1.306e+11
"Qatar",1990,
"Qatar",1991,
"Qatar",1992,
"Qatar",1993,
"Qatar",1994,
"Qatar",1995,
"Qatar",1996,
"Qatar",1997,
"Qatar",1998,
"Qatar",1999,
"Qatar",2000,5.085e+10
"Qatar",2001,5.404e+10
"Qatar",2002,5.881e+10
"Qatar",2003,6.221e+10
"Qatar",2004,7.621e+10
"Qatar",2005,8.456e+10
"Qatar",2006,1.100e+11
"Qatar",2007,1.332e+11
"Qatar",2008,1.598e+11
"Qatar",2009,1.803e+11
"Qatar",2010,2.182e+11
"Qatar",2011,2.525e+11
"Qatar",2012,2.692e+11
"Qatar",2013,2.856e+11
"Qatar",2014,3.023e+11
"Romania",1990,1.221e+11
"Romania",1991,1.099e+11
"Romania",1992,1.025e+11
"Romania",1993,1.066e+11
"Romania",1994,1.131e+11
"Romania",1995,1.237e+11
"Romania",1996,1.306e+11
"Romania",1997,1.264e+11
"Romania",1998,1.255e+11
"Romania",1999,1.266e+11
"Romania",2000,1.319e+11
"Romania",2001,1.456e+11
"Romania",2002,1.560e+11
"Romania",2003,1.687e+11
"Romania",2004,1.959e+11
"Romania",2005,2.073e+11
"Romania",2006,2.477e+11
"Romania",2007,2.808e+11
"Romania",2008,3.348e+11
"Romania",2009,3.258e+11
"Romania",2010,3.475e+11
"Romania",2011,3.646e+11
"Romania",2012,3.808e+11
"Romania",2013,3.969e+11
"Romania",2014,4.103e+11
"Russia",1990,1.188e+12
"Russia",1991,1.166e+12
"Russia",1992,1.019e+12
"Russia",1993,9.529e+11
"Russia",1994,8.509e+11
"Russia",1995,8.326e+11
"Russia",1996,8.172e+11
"Russia",1997,8.427e+11
"Russia",1998,8.063e+11
"Russia",1999,8.707e+11
"Russia",2000,1.001e+12
"Russia",2001,1.075e+12
"Russia",2002,1.167e+12
"Russia",2003,1.339e+12
"Russia",2004,1.474e+12
"Russia",2005,1.697e+12
"Russia",2006,2.134e+12
"Russia",2007,2.378e+12
"Russia",2008,2.878e+12
"Russia",2009,2.768e+12
"Russia",2010,2.928e+12
"Russia",2011,3.475e+12
"Russia",2012,3.692e+12
"Russia",2013,3.766e+12
"Russia",2014,3.769e+12
"Rwanda",1990,4.045e+09
"Rwanda",1991,4.074e+09
"Rwanda",1992,4.412e+09
"Rwanda",1993,4.151e+09
"Rwanda",1994,2.109e+09
"Rwanda",1995,2.911e+09
"Rwanda",1996,3.342e+09
"Rwanda",1997,3.870e+09
"Rwanda",1998,4.259e+09
"Rwanda",1999,4.509e+09
"Rwanda",2000,4.997e+09
"Rwanda",2001,5.546e+09
"Rwanda",2002,6.373e+09
"Rwanda",2003,6.644e+09
"Rwanda",2004,7.333e+09
"Rwanda",2005,8.279e+09
"Rwanda",2006,9.321e+09
"Rwanda",2007,1.031e+10
"Rwanda",2008,1.168e+10
"Rwanda",2009,1.251e+10
"Rwanda",2010,1.359e+10
"Rwanda",2011,1.495e+10
"Rwanda",2012,1.657e+10
"Rwanda",2013,1.762e+10
"Rwanda",2014,1.931e+10
"Saudi Arabia",1990,4.480e+11
"Saudi Arabia",1991,5.324e+11
"Saudi Arabia",1992,5.663e+11
"Saudi Arabia",1993,5.718e+11
"Saudi Arabia",1994,5.873e+11
"Saudi Arabia",1995,6.008e+11
"Saudi Arabia",1996,6.279e+11
"Saudi Arabia",1997,6.457e+11
"Saudi Arabia",1998,6.716e+11
"Saudi Arabia",1999,6.562e+11
"Saudi Arabia",2000,7.089e+11
"Saudi Arabia",2001,7.163e+11
"Saudi Arabia",2002,7.068e+11
"Saudi Arabia",2003,8.019e+11
"Saudi Arabia",2004,8.895e+11
"Saudi Arabia",2005,9.693e+11
"Saudi Arabia",2006,1.027e+12
"Saudi Arabia",2007,1.074e+12
"Saudi Arabia",2008,1.163e+12
"Saudi Arabia",2009,1.148e+12
"Saudi Arabia",2010,1.221e+12
"Saudi Arabia",2011,1.370e+12
"Saudi Arabia",2012,1.471e+12
"Saudi Arabia",2013,1.535e+12
"Saudi Arabia",2014,1.620e+12
"Serbia",1990,
"Serbia",1991,
"Serbia",1992,
"Serbia",1993,
"Serbia",1994,
"Serbia",1995,3.718e+10
"Serbia",1996,3.878e+10
"Serbia",1997,4.228e+10
"Serbia",1998,4.377e+10
"Serbia",1999,3.905e+10
"Serbia",2000,4.303e+10
"Serbia",2001,4.609e+10
"Serbia",2002,5.098e+10
"Serbia",2003,5.384e+10
"Serbia",2004,6.021e+10
"Serbia",2005,6.479e+10
"Serbia",2006,7.124e+10
"Serbia",2007,7.732e+10
"Serbia",2008,8.763e+10
"Serbia",2009,8.659e+10
"Serbia",2010,8.813e+10
"Serbia",2011,9.381e+10
"Serbia",2012,9.437e+10
"Serbia",2013,9.858e+10
"Serbia",2014,9.820e+10
"Serbia and Montenegro",1990,
"Serbia and Montenegro",1991,
"Serbia and Montenegro",1992,
"Serbia and Montenegro",1993,
"Serbia and Montenegro",1994,
"Serbia and Montenegro",1995,
"Serbia and Montenegro",1996,
"Serbia and Montenegro",1997,
"Serbia and Montenegro",1998,
"Serbia and Montenegro",1999,
"Serbia and Montenegro",2000,
"Serbia and Montenegro",2001,
"Serbia and Montenegro",2002,
"Serbia and Montenegro",2003,
"Serbia and Montenegro",2004,
"Serbia and Montenegro",2005,
"Serbia and Montenegro",2006,
"Serbia and Montenegro",2007,
"Serbia and Montenegro",2008,
"Serbia and Montenegro",2009,
"Serbia and Montenegro",2010,
"Serbia and Montenegro",2011,
"Serbia and Montenegro",2012,
"Serbia and Montenegro",2013,
"Serbia and Montenegro",2014,
"Singapore",1990,6.763e+10
"Singapore",1991,7.455e+10
"Singapore",1992,8.166e+10
"Singapore",1993,9.325e+10
"Singapore",1994,1.056e+11
"Singapore",1995,1.154e+11
"Singapore",1996,1.264e+11
"Singapore",1997,1.392e+11
"Singapore",1998,1.376e+11
"Singapore",1999,1.482e+11
"Singapore",2000,1.651e+11
"Singapore",2001,1.672e+11
"Singapore",2002,1.769e+11
"Singapore",2003,1.885e+11
"Singapore",2004,2.121e+11
"Singapore",2005,2.354e+11
"Singapore",2006,2.641e+11
"Singapore",2007,2.958e+11
"Singapore",2008,3.070e+11
"Singapore",2009,3.075e+11
"Singapore",2010,3.587e+11
"Singapore",2011,3.888e+11
"Singapore",2012,4.113e+11
"Singapore",2013,4.389e+11
"Singapore",2014,4.627e+11
"Slovakia",1990,
"Slovakia",1991,
"Slovakia",1992,3.785e+10
"Slovakia",1993,3.956e+10
"Slovakia",1994,4.291e+10
"Slovakia",1995,4.637e+10
"Slovakia",1996,5.029e+10
"Slovakia",1997,5.418e+10
"Slovakia",1998,5.716e+10
"Slovakia",1999,5.774e+10
"Slovakia",2000,6.119e+10
"Slovakia",2001,6.660e+10
"Slovakia",2002,7.148e+10
"Slovakia",2003,7.597e+10
"Slovakia",2004,8.162e+10
"Slovakia",2005,8.928e+10
"Slovakia",2006,1.014e+11
"Slovakia",2007,1.137e+11
"Slovakia",2008,1.274e+11
"Slovakia",2009,1.242e+11
"Slovakia",2010,1.347e+11
"Slovakia",2011,1.395e+11
"Slovakia",2012,1.441e+11
"Slovakia",2013,1.510e+11
"Slovakia",2014,1.567e+11
"Slovenia",1990,
"Slovenia",1991,
"Slovenia",1992,
"Slovenia",1993,
"Slovenia",1994,
"Slovenia",1995,2.697e+10
"Slovenia",1996,2.838e+10
"Slovenia",1997,3.031e+10
"Slovenia",1998,3.176e+10
"Slovenia",1999,3.384e+10
"Slovenia",2000,3.590e+10
"Slovenia",2001,3.779e+10
"Slovenia",2002,4.050e+10
"Slovenia",2003,4.217e+10
"Slovenia",2004,4.550e+10
"Slovenia",2005,4.790e+10
"Slovenia",2006,5.171e+10
"Slovenia",2007,5.570e+10
"Slovenia",2008,5.988e+10
"Slovenia",2009,5.603e+10
"Slovenia",2010,5.688e+10
"Slovenia",2011,5.913e+10
"Slovenia",2012,5.945e+10
"Slovenia",2013,6.138e+10
"Slovenia",2014,6.362e+10
"South Africa",1990,2.354e+11
"South Africa",1991,2.408e+11
"South Africa",1992,2.410e+11
"South Africa",1993,2.498e+11
"South Africa",1994,2.633e+11
"South Africa",1995,2.772e+11
"South Africa",1996,2.944e+11
"South Africa",1997,3.074e+11
"South Africa",1998,3.123e+11
"South Africa",1999,3.246e+11
"South Africa",2000,3.457e+11
"South Africa",2001,3.633e+11
"South Africa",2002,3.824e+11
"South Africa",2003,4.015e+11
"South Africa",2004,4.314e+11
"South Africa",2005,4.687e+11
"South Africa",2006,5.102e+11
"South Africa",2007,5.519e+11
"South Africa",2008,5.807e+11
"South Africa",2009,5.761e+11
"South Africa",2010,6.008e+11
"South Africa",2011,6.334e+11
"South Africa",2012,6.593e+11
"South Africa",2013,6.866e+11
"South Africa",2014,7.108e+11
"South Korea",1990,3.548e+11
"South Korea",1991,4.046e+11
"South Korea",1992,4.393e+11
"South Korea",1993,4.806e+11
"South Korea",1994,5.360e+11
"South Korea",1995,5.995e+11
"South Korea",1996,6.568e+11
"South Korea",1997,7.077e+11
"South Korea",1998,6.762e+11
"South Korea",1999,7.642e+11
"South Korea",2000,8.501e+11
"South Korea",2001,9.088e+11
"South Korea",2002,9.898e+11
"South Korea",2003,1.024e+12
"South Korea",2004,1.103e+12
"South Korea",2005,1.166e+12
"South Korea",2006,1.251e+12
"South Korea",2007,1.355e+12
"South Korea",2008,1.406e+12
"South Korea",2009,1.396e+12
"South Korea",2010,1.505e+12
"South Korea",2011,1.559e+12
"South Korea",2012,1.611e+12
"South Korea",2013,1.645e+12
"South Korea",2014,1.704e+12
"Spain",1990,5.299e+11
"Spain",1991,5.615e+11
"Spain",1992,5.797e+11
"Spain",1993,5.873e+11
"Spain",1994,6.141e+11
"Spain",1995,6.442e+11
"Spain",1996,6.746e+11
"Spain",1997,7.154e+11
"Spain",1998,7.648e+11
"Spain",1999,8.040e+11
"Spain",2000,8.734e+11
"Spain",2001,9.367e+11
"Spain",2002,1.009e+12
"Spain",2003,1.057e+12
"Spain",2004,1.124e+12
"Spain",2005,1.209e+12
"Spain",2006,1.368e+12
"Spain",2007,1.474e+12
"Spain",2008,1.538e+12
"Spain",2009,1.501e+12
"Spain",2010,1.488e+12
"Spain",2011,1.499e+12
"Spain",2012,1.496e+12
"Spain",2013,1.520e+12
"Spain",2014,1.567e+12
"Sweden",1990,1.721e+11
"Sweden",1991,1.758e+11
"Sweden",1992,1.777e+11
"Sweden",1993,1.782e+11
"Sweden",1994,1.894e+11
"Sweden",1995,2.011e+11
"Sweden",1996,2.086e+11
"Sweden",1997,2.163e+11
"Sweden",1998,2.256e+11
"Sweden",1999,2.405e+11
"Sweden",2000,2.597e+11
"Sweden",2001,2.638e+11
"Sweden",2002,2.730e+11
"Sweden",2003,2.819e+11
"Sweden",2004,3.016e+11
"Sweden",2005,3.067e+11
"Sweden",2006,3.398e+11
"Sweden",2007,3.712e+11
"Sweden",2008,3.859e+11
"Sweden",2009,3.686e+11
"Sweden",2010,3.904e+11
"Sweden",2011,4.135e+11
"Sweden",2012,4.258e+11
"Sweden",2013,4.385e+11
"Sweden",2014,4.511e+11
"Switzerland",1990,1.854e+11
"Switzerland",1991,1.898e+11
"Switzerland",1992,1.941e+11
"Switzerland",1993,1.984e+11
"Switzerland",1994,2.052e+11
"Switzerland",1995,2.105e+11
"Switzerland",1996,2.159e+11
"Switzerland",1997,2.254e+11
"Switzerland",1998,2.339e+11
"Switzerland",1999,2.416e+11
"Switzerland",2000,2.568e+11
"Switzerland",2001,2.661e+11
"Switzerland",2002,2.748e+11
"Switzerland",2003,2.768e+11
"Switzerland",2004,2.896e+11
"Switzerland",2005,3.017e+11
"Switzerland",2006,3.376e+11
"Switzerland",2007,3.756e+11
"Switzerland",2008,4.022e+11
"Switzerland",2009,4.008e+11
"Switzerland",2010,4.157e+11
"Switzerland",2011,4.445e+11
"Switzerland",2012,4.626e+11
"Switzerland",2013,4.862e+11
"Switzerland",2014,5.069e+11
"Taiwan",1990,
"Taiwan",1991,
"Taiwan",1992,
"Taiwan",1993,
"Taiwan",1994,
"Taiwan",1995,
"Taiwan",1996,
"Taiwan",1997,
"Taiwan",1998,
"Taiwan",1999,
"Taiwan",2000,
"Taiwan",2001,
"Taiwan",2002,
"Taiwan",2003,
"Taiwan",2004,
"Taiwan",2005,
"Taiwan",2006,
"Taiwan",2007,
"Taiwan",2008,
"Taiwan",2009,
"Taiwan",2010,
"Taiwan",2011,
"Taiwan",2012,
"Taiwan",2013,
"Taiwan",2014,
"Tanzania",1990,2.356e+10
"Tanzania",1991,2.485e+10
"Tanzania",1992,2.556e+10
"Tanzania",1993,2.649e+10
"Tanzania",1994,2.748e+10
"Tanzania",1995,2.905e+10
"Tanzania",1996,3.092e+10
"Tanzania",1997,3.256e+10
"Tanzania",1998,3.414e+10
"Tanzania",1999,3.634e+10
"Tanzania",2000,3.900e+10
"Tanzania",2001,4.228e+10
"Tanzania",2002,4.600e+10
"Tanzania",2003,5.015e+10
"Tanzania",2004,5.556e+10
"Tanzania",2005,6.204e+10
"Tanzania",2006,6.692e+10
"Tanzania",2007,7.452e+10
"Tanzania",2008,8.021e+10
"Tanzania",2009,8.517e+10
"Tanzania",2010,9.169e+10
"Tanzania",2011,1.010e+11
"Tanzania",2012,1.081e+11
"Tanzania",2013,1.179e+11
"Tanzania",2014,1.283e+11
"Thailand",1990,2.432e+11
"Thailand",1991,2.728e+11
"Thailand",1992,3.016e+11
"Thailand",1993,3.342e+11
"Thailand",1994,3.687e+11
"Thailand",1995,4.069e+11
"Thailand",1996,4.378e+11
"Thailand",1997,4.330e+11
"Thailand",1998,4.043e+11
"Thailand",1999,4.292e+11
"Thailand",2000,4.586e+11
"Thailand",2001,4.852e+11
"Thailand",2002,5.229e+11
"Thailand",2003,5.717e+11
"Thailand",2004,6.243e+11
"Thailand",2005,6.714e+11
"Thailand",2006,7.264e+11
"Thailand",2007,7.863e+11
"Thailand",2008,8.155e+11
"Thailand",2009,8.161e+11
"Thailand",2010,8.881e+11
"Thailand",2011,9.140e+11
"Thailand",2012,9.983e+11
"Thailand",2013,1.042e+12
"Thailand",2014,1.071e+12
"Trinidad and Tobago",1990,9.679e+09
"Trinidad and Tobago",1991,1.027e+10
"Trinidad and Tobago",1992,1.033e+10
"Trinidad and Tobago",1993,1.042e+10
"Trinidad and Tobago",1994,1.102e+10
"Trinidad and Tobago",1995,1.178e+10
"Trinidad and Tobago",1996,1.285e+10
"Trinidad and Tobago",1997,1.405e+10
"Trinidad and Tobago",1998,1.536e+10
"Trinidad and Tobago",1999,1.684e+10
"Trinidad and Tobago",2000,1.842e+10
"Trinidad and Tobago",2001,1.962e+10
"Trinidad and Tobago",2002,2.150e+10
"Trinidad and Tobago",2003,2.510e+10
"Trinidad and Tobago",2004,2.784e+10
"Trinidad and Tobago",2005,3.052e+10
"Trinidad and Tobago",2006,3.561e+10
"Trinidad and Tobago",2007,3.830e+10
"Trinidad and Tobago",2008,4.037e+10
"Trinidad and Tobago",2009,3.889e+10
"Trinidad and Tobago",2010,4.068e+10
"Trinidad and Tobago",2011,4.140e+10
"Trinidad and Tobago",2012,4.270e+10
"Trinidad and Tobago",2013,4.454e+10
"Trinidad and Tobago",2014,4.508e+10
"Tunisia",1990,2.988e+10
"Tunisia",1991,3.208e+10
"Tunisia",1992,3.537e+10
"Tunisia",1993,3.700e+10
"Tunisia",1994,3.899e+10
"Tunisia",1995,4.074e+10
"Tunisia",1996,4.445e+10
"Tunisia",1997,4.767e+10
"Tunisia",1998,5.049e+10
"Tunisia",1999,5.437e+10
"Tunisia",2000,5.823e+10
"Tunisia",2001,6.182e+10
"Tunisia",2002,6.359e+10
"Tunisia",2003,6.791e+10
"Tunisia",2004,7.413e+10
"Tunisia",2005,7.918e+10
"Tunisia",2006,8.590e+10
"Tunisia",2007,9.410e+10
"Tunisia",2008,1.000e+11
"Tunisia",2009,1.038e+11
"Tunisia",2010,1.088e+11
"Tunisia",2011,1.089e+11
"Tunisia",2012,1.154e+11
"Tunisia",2013,1.206e+11
"Tunisia",2014,1.262e+11
"Turkey",1990,3.314e+11
"Turkey",1991,3.456e+11
"Turkey",1992,3.747e+11
"Turkey",1993,4.144e+11
"Turkey",1994,4.002e+11
"Turkey",1995,4.379e+11
"Turkey",1996,4.763e+11
"Turkey",1997,5.205e+11
"Turkey",1998,5.574e+11
"Turkey",1999,5.455e+11
"Turkey",2000,6.060e+11
"Turkey",2001,5.920e+11
"Turkey",2002,6.078e+11
"Turkey",2003,6.347e+11
"Turkey",2004,7.280e+11
"Turkey",2005,8.072e+11
"Turkey",2006,9.367e+11
"Turkey",2007,1.033e+12
"Turkey",2008,1.130e+12
"Turkey",2009,1.105e+12
"Turkey",2010,1.262e+12
"Turkey",2011,1.443e+12
"Turkey",2012,1.539e+12
"Turkey",2013,1.691e+12
"Turkey",2014,1.851e+12
"Uganda",1990,8.673e+09
"Uganda",1991,9.459e+09
"Uganda",1992,1.001e+10
"Uganda",1993,1.110e+10
"Uganda",1994,1.206e+10
"Uganda",1995,1.373e+10
"Uganda",1996,1.525e+10
"Uganda",1997,1.630e+10
"Uganda",1998,1.728e+10
"Uganda",1999,1.896e+10
"Uganda",2000,2.000e+10
"Uganda",2001,2.152e+10
"Uganda",2002,2.376e+10
"Uganda",2003,2.580e+10
"Uganda",2004,2.831e+10
"Uganda",2005,3.108e+10
"Uganda",2006,3.548e+10
"Uganda",2007,3.949e+10
"Uganda",2008,4.377e+10
"Uganda",2009,4.711e+10
"Uganda",2010,5.037e+10
"Uganda",2011,5.624e+10
"Uganda",2012,5.947e+10
"Uganda",2013,6.260e+10
"Uganda",2014,6.698e+10
"Ukraine",1990,3.510e+11
"Ukraine",1991,3.321e+11
"Ukraine",1992,3.068e+11
"Ukraine",1993,2.694e+11
"Ukraine",1994,2.120e+11
"Ukraine",1995,1.900e+11
"Ukraine",1996,1.742e+11
"Ukraine",1997,1.718e+11
"Ukraine",1998,1.704e+11
"Ukraine",1999,1.726e+11
"Ukraine",2000,1.870e+11
"Ukraine",2001,2.089e+11
"Ukraine",2002,2.231e+11
"Ukraine",2003,2.489e+11
"Ukraine",2004,2.867e+11
"Ukraine",2005,3.039e+11
"Ukraine",2006,3.361e+11
"Ukraine",2007,3.723e+11
"Ukraine",2008,3.884e+11
"Ukraine",2009,3.334e+11
"Ukraine",2010,3.517e+11
"Ukraine",2011,3.785e+11
"Ukraine",2012,3.864e+11
"Ukraine",2013,3.926e+11
"Ukraine",2014,3.734e+11
"United States",1990,5.980e+12
"United States",1991,6.174e+12
"United States",1992,6.539e+12
"United States",1993,6.879e+12
"United States",1994,7.309e+12
"United States",1995,7.664e+12
"United States",1996,8.100e+12
"United States",1997,8.609e+12
"United States",1998,9.089e+12
"United States",1999,9.661e+12
"United States",2000,1.028e+13
"United States",2001,1.062e+13
"United States",2002,1.098e+13
"United States",2003,1.151e+13
"United States",2004,1.227e+13
"United States",2005,1.309e+13
"United States",2006,1.386e+13
"United States",2007,1.448e+13
"United States",2008,1.472e+13
"United States",2009,1.442e+13
"United States",2010,1.496e+13
"United States",2011,1.552e+13
"United States",2012,1.616e+13
"United States",2013,1.669e+13
"United States",2014,1.743e+13
"Uruguay",1990,1.978e+10
"Uruguay",1991,2.116e+10
"Uruguay",1992,2.336e+10
"Uruguay",1993,2.455e+10
"Uruguay",1994,2.690e+10
"Uruguay",1995,2.706e+10
"Uruguay",1996,2.910e+10
"Uruguay",1997,3.212e+10
"Uruguay",1998,3.394e+10
"Uruguay",1999,3.379e+10
"Uruguay",2000,3.389e+10
"Uruguay",2001,3.333e+10
"Uruguay",2002,3.123e+10
"Uruguay",2003,3.211e+10
"Uruguay",2004,3.464e+10
"Uruguay",2005,3.842e+10
"Uruguay",2006,4.123e+10
"Uruguay",2007,4.509e+10
"Uruguay",2008,4.928e+10
"Uruguay",2009,5.176e+10
"Uruguay",2010,5.648e+10
"Uruguay",2011,6.062e+10
"Uruguay",2012,6.392e+10
"Uruguay",2013,6.796e+10
"Uruguay",2014,7.142e+10
"Uzbekistan",1990,4.071e+10
"Uzbekistan",1991,4.186e+10
"Uzbekistan",1992,3.802e+10
"Uzbekistan",1993,3.803e+10
"Uzbekistan",1994,3.682e+10
"Uzbekistan",1995,3.725e+10
"Uzbekistan",1996,3.857e+10
"Uzbekistan",1997,4.127e+10
"Uzbekistan",1998,4.351e+10
"Uzbekistan",1999,4.608e+10
"Uzbekistan",2000,4.892e+10
"Uzbekistan",2001,5.213e+10
"Uzbekistan",2002,5.505e+10
"Uzbekistan",2003,5.851e+10
"Uzbekistan",2004,6.475e+10
"Uzbekistan",2005,7.151e+10
"Uzbekistan",2006,7.908e+10
"Uzbekistan",2007,8.924e+10
"Uzbekistan",2008,9.918e+10
"Uzbekistan",2009,1.080e+11
"Uzbekistan",2010,1.186e+11
"Uzbekistan",2011,1.311e+11
"Uzbekistan",2012,1.445e+11
"Uzbekistan",2013,1.586e+11
"Uzbekistan",2014,1.740e+11
"Venezuela",1990,1.855e+11
"Venezuela",1991,2.103e+11
"Venezuela",1992,2.282e+11
"Venezuela",1993,2.342e+11
"Venezuela",1994,2.336e+11
"Venezuela",1995,2.479e+11
"Venezuela",1996,2.519e+11
"Venezuela",1997,2.726e+11
"Venezuela",1998,2.763e+11
"Venezuela",1999,2.638e+11
"Venezuela",2000,2.798e+11
"Venezuela",2001,2.958e+11
"Venezuela",2002,2.738e+11
"Venezuela",2003,2.576e+11
"Venezuela",2004,3.131e+11
"Venezuela",2005,3.565e+11
"Venezuela",2006,4.037e+11
"Venezuela",2007,4.507e+11
"Venezuela",2008,4.838e+11
"Venezuela",2009,4.719e+11
"Venezuela",2010,4.706e+11
"Venezuela",2011,5.003e+11
"Venezuela",2012,5.382e+11
"Venezuela",2013,5.542e+11
"Venezuela",2014,5.422e+11
"Viet Nam",1990,6.405e+10
"Viet Nam",1991,7.013e+10
"Viet Nam",1992,7.793e+10
"Viet Nam",1993,8.622e+10
"Viet Nam",1994,9.584e+10
"Viet Nam",1995,1.072e+11
"Viet Nam",1996,1.193e+11
"Viet Nam",1997,1.313e+11
"Viet Nam",1998,1.403e+11
"Viet Nam",1999,1.493e+11
"Viet Nam",2000,1.630e+11
"Viet Nam",2001,1.771e+11
"Viet Nam",2002,1.912e+11
"Viet Nam",2003,2.084e+11
"Viet Nam",2004,2.303e+11
"Viet Nam",2005,2.557e+11
"Viet Nam",2006,2.819e+11
"Viet Nam",2007,3.100e+11
"Viet Nam",2008,3.340e+11
"Viet Nam",2009,3.547e+11
"Viet Nam",2010,3.821e+11
"Viet Nam",2011,4.143e+11
"Viet Nam",2012,4.441e+11
"Viet Nam",2013,4.758e+11
"Viet Nam",2014,5.133e+11
"Yemen",1990,2.593e+10
"Yemen",1991,2.848e+10
"Yemen",1992,3.152e+10
"Yemen",1993,3.356e+10
"Yemen",1994,3.658e+10
"Yemen",1995,3.946e+10
"Yemen",1996,4.204e+10
"Yemen",1997,4.499e+10
"Yemen",1998,4.821e+10
"Yemen",1999,5.080e+10
"Yemen",2000,5.517e+10
"Yemen",2001,5.857e+10
"Yemen",2002,6.181e+10
"Yemen",2003,6.541e+10
"Yemen",2004,6.987e+10
"Yemen",2005,7.616e+10
"Yemen",2006,8.098e+10
"Yemen",2007,8.591e+10
"Yemen",2008,9.079e+10
"Yemen",2009,9.502e+10
"Yemen",2010,1.036e+11
"Yemen",2011,9.229e+10
"Yemen",2012,9.623e+10
"Yemen",2013,1.025e+11
"Yemen",2014,1.041e+11
"Zambia",1990,1.215e+10
"Zambia",1991,1.255e+10
"Zambia",1992,1.261e+10
"Zambia",1993,1.379e+10
"Zambia",1994,1.287e+10
"Zambia",1995,1.352e+10
"Zambia",1996,1.462e+10
"Zambia",1997,1.544e+10
"Zambia",1998,1.555e+10
"Zambia",1999,1.652e+10
"Zambia",2000,1.755e+10
"Zambia",2001,1.891e+10
"Zambia",2002,2.006e+10
"Zambia",2003,2.189e+10
"Zambia",2004,2.407e+10
"Zambia",2005,2.664e+10
"Zambia",2006,2.963e+10
"Zambia",2007,3.296e+10
"Zambia",2008,3.622e+10
"Zambia",2009,3.986e+10
"Zambia",2010,4.450e+10
"Zambia",2011,4.795e+10
"Zambia",2012,5.254e+10
"Zambia",2013,5.609e+10
"Zambia",2014,5.978e+10
"Zimbabwe",1990,1.715e+10
"Zimbabwe",1991,1.870e+10
"Zimbabwe",1992,1.740e+10
"Zimbabwe",1993,1.800e+10
"Zimbabwe",1994,2.009e+10
"Zimbabwe",1995,2.054e+10
"Zimbabwe",1996,2.308e+10
"Zimbabwe",1997,2.410e+10
"Zimbabwe",1998,2.507e+10
"Zimbabwe",1999,2.524e+10
"Zimbabwe",2000,2.503e+10
"Zimbabwe",2001,2.597e+10
"Zimbabwe",2002,2.402e+10
"Zimbabwe",2003,2.034e+10
"Zimbabwe",2004,1.968e+10
"Zimbabwe",2005,1.915e+10
"Zimbabwe",2006,1.906e+10
"Zimbabwe",2007,1.885e+10
"Zimbabwe",2008,1.583e+10
"Zimbabwe",2009,1.786e+10
"Zimbabwe",2010,2.036e+10
"Zimbabwe",2011,2.398e+10
"Zimbabwe",2012,2.804e+10
"Zimbabwe",2013,3.006e+10
"Zimbabwe",2014,3.126e+10
